O,H,L,C,V,aH,aL,aC,aO,aV,tkr,exc,dt
447.875,449.93,436.4267,437.5,46975594.0,112.2885564994,108.9185521321,109.1864144834,111.7756923125,187902376.0,AAPL,XNAS,2020-08-11 00:00:00+00:00
441.99,453.1,441.19,452.04,41486205.0,113.0796900627,110.1073238992,112.8151469784,110.3069790572,165944820.0,AAPL,XNAS,2020-08-12 00:00:00+00:00
457.72,464.17,455.71,460.04,52520516.0,115.8424183103,113.7310650153,114.8116985576,114.2326985996,210082064.0,AAPL,XNAS,2020-08-13 00:00:00+00:00
459.315,460.0,452.18,459.63,41391302.0,114.8017157997,112.8500866311,114.7093752891,114.6307610707,165565208.0,AAPL,XNAS,2020-08-14 00:00:00+00:00
464.25,464.35,455.8501,458.43,29431414.0,115.8873407208,113.7660296249,114.4098925523,115.8623838261,117725656.0,AAPL,XNAS,2020-08-17 00:00:00+00:00
457.41,464.0,456.03,462.25,26408385.0,115.7999915892,113.8109270785,115.3632459313,114.1553322259,105633540.0,AAPL,XNAS,2020-08-18 00:00:00+00:00
463.933,468.65,462.44,462.83,36384502.0,116.9604871946,115.4106640313,115.5079959208,115.7832704697,145538008.0,AAPL,XNAS,2020-08-19 00:00:00+00:00
463.0,473.568,462.9335,473.1,31726797.0,118.1878672779,115.5338263068,118.0710690105,115.5504226418,126907188.0,AAPL,XNAS,2020-08-20 00:00:00+00:00
477.05,499.472,477.0,497.48,84513660.0,124.6527012911,119.0443879053,124.1555599479,119.0568663527,338054640.0,AAPL,XNAS,2020-08-21 00:00:00+00:00
514.79,515.14,495.745,503.43,86484442.0,128.5629475588,123.7225578241,125.6404951848,128.4755984272,345937768.0,AAPL,XNAS,2020-08-24 00:00:00+00:00
498.79,500.7172,492.21,499.3,52873947.0,124.9634645443,122.8403315951,124.6097754321,124.4824952689,211495788.0,AAPL,XNAS,2020-08-25 00:00:00+00:00
504.7165,507.97,500.33,506.09,40755567.0,126.773538206,124.8668314479,126.3043485849,125.9615656356,163022268.0,AAPL,XNAS,2020-08-26 00:00:00+00:00
508.57,509.94,495.33,500.04,38888096.0,127.2651890323,123.618986711,124.7944564532,126.9232795744,155552384.0,AAPL,XNAS,2020-08-27 00:00:00+00:00
504.05,505.77,498.31,499.23,46907479.0,126.2244865217,124.3627021742,124.5923056058,125.7952279322,187629916.0,AAPL,XNAS,2020-08-28 00:00:00+00:00
127.58,131.0,126.0,129.04,223505733.0,130.7741284327,125.7827494848,128.8175078851,127.3600252323,223505733.0,AAPL,XNAS,2020-08-31 00:00:00+00:00
132.76,134.8,130.53,134.18,152470142.0,134.567576433,130.3049388116,133.9486454435,132.5310938223,152470142.0,AAPL,XNAS,2020-09-01 00:00:00+00:00
137.59,137.98,127.0,131.4,200118991.0,137.7420934438,126.7810252744,131.1734387485,137.3527658859,200118991.0,AAPL,XNAS,2020-09-02 00:00:00+00:00
126.91,128.84,120.5,120.88,257599640.0,128.6178527272,120.2922326422,120.6715774423,126.6911804533,257599640.0,AAPL,XNAS,2020-09-03 00:00:00+00:00
120.07,123.7,110.89,120.96,332607163.0,123.4867151688,110.6988023046,120.7514395054,119.8629740527,332607163.0,AAPL,XNAS,2020-09-04 00:00:00+00:00
113.95,118.99,112.68,112.82,231366563.0,118.7848362,112.4857159679,112.6254745784,113.7535262206,231366563.0,AAPL,XNAS,2020-09-08 00:00:00+00:00
117.26,119.14,115.26,117.32,176940455.0,118.9345775684,115.0612675049,117.1177156314,117.0578190841,176940455.0,AAPL,XNAS,2020-09-09 00:00:00+00:00
120.36,120.5,112.5,113.49,182274391.0,120.2922326422,112.3060263257,113.2943193574,120.1524740317,182274391.0,AAPL,XNAS,2020-09-10 00:00:00+00:00
114.57,115.23,110.0,112.0,180860325.0,115.0313192313,109.8103368518,111.806888431,114.3724572101,180860325.0,AAPL,XNAS,2020-09-11 00:00:00+00:00
114.72,115.93,112.8,115.355,140150087.0,115.7301122839,112.6055090626,115.1561037049,114.5221985786,140150087.0,AAPL,XNAS,2020-09-14 00:00:00+00:00
118.33,118.829,113.61,115.54,184642039.0,118.6241137979,113.4141124522,115.340784726,118.1259741789,184642039.0,AAPL,XNAS,2020-09-15 00:00:00+00:00
115.23,116.0,112.04,112.13,155026675.0,115.7999915892,111.8468194626,111.9366642836,115.0313192313,155026675.0,AAPL,XNAS,2020-09-16 00:00:00+00:00
109.72,112.2,108.71,110.34,178010968.0,112.0065435889,108.5225610833,110.1497506203,109.5308196308,178010968.0,AAPL,XNAS,2020-09-17 00:00:00+00:00
110.4,110.88,106.09,106.84,287104882.0,110.6888195467,105.9070785147,106.6557853568,110.2096471677,287104882.0,AAPL,XNAS,2020-09-18 00:00:00+00:00
104.54,110.19,103.1,110.08,195713815.0,110.0000092519,102.9222339039,109.890198915,104.3597510408,195713815.0,AAPL,XNAS,2020-09-21 00:00:00+00:00
112.68,112.86,109.16,111.81,183055373.0,112.66540561,108.9717851886,111.617216031,112.4857159679,183055373.0,AAPL,XNAS,2020-09-22 00:00:00+00:00
111.62,112.11,106.77,107.12,150718671.0,111.9166987678,106.5859060516,106.9353025779,111.4275436309,150718671.0,AAPL,XNAS,2020-09-23 00:00:00+00:00
105.17,110.25,105.0,108.22,167743349.0,110.0599057992,104.818957904,108.0334059464,104.9886647883,167743349.0,AAPL,XNAS,2020-09-24 00:00:00+00:00
108.43,112.44,107.67,112.28,149981441.0,112.2461297784,107.4843542622,112.086405652,108.2430438622,149981441.0,AAPL,XNAS,2020-09-25 00:00:00+00:00
115.01,115.32,112.78,114.96,137672403.0,115.1211640523,112.5855435468,114.7617847681,114.8116985576,137672403.0,AAPL,XNAS,2020-09-28 00:00:00+00:00
114.55,115.31,113.57,114.09,100060526.0,115.1111812944,113.3741814206,113.8932848312,114.3524916944,100060526.0,AAPL,XNAS,2020-09-29 00:00:00+00:00
113.79,117.26,113.62,115.81,142675184.0,117.0578190841,113.4240952101,115.6103191892,113.5938020943,142675184.0,AAPL,XNAS,2020-09-30 00:00:00+00:00
117.64,117.72,115.83,116.79,116120440.0,117.5170259473,115.630284705,116.588629463,117.4371638841,116120440.0,AAPL,XNAS,2020-10-01 00:00:00+00:00
112.89,115.37,112.22,113.02,144711986.0,115.1710778418,112.0265091047,112.8251297363,112.6953538837,144711986.0,AAPL,XNAS,2020-10-02 00:00:00+00:00
113.91,116.65,113.55,116.5,106243839.0,116.4488708524,113.3542159048,116.299129484,113.713595189,106243839.0,AAPL,XNAS,2020-10-05 00:00:00+00:00
115.7,116.12,112.25,113.16,161498212.0,115.919784684,112.0564573784,112.9648883469,115.5005088523,161498212.0,AAPL,XNAS,2020-10-06 00:00:00+00:00
114.62,115.55,114.13,115.08,96848985.0,115.3507674839,113.9332158627,114.8815778628,114.4223709996,96848985.0,AAPL,XNAS,2020-10-07 00:00:00+00:00
116.25,116.4,114.5901,114.97,83477153.0,116.199301905,114.3925225535,114.771767526,116.0495605366,83477153.0,AAPL,XNAS,2020-10-08 00:00:00+00:00
115.28,117.0,114.92,116.97,100506865.0,116.7982673788,114.7218537365,116.7683191051,115.0812330207,100506865.0,AAPL,XNAS,2020-10-09 00:00:00+00:00
120.06,125.18,119.2845,124.4,240226769.0,124.9641633374,119.07882842,124.1855082215,119.8529912948,240226769.0,AAPL,XNAS,2020-10-12 00:00:00+00:00
125.27,125.39,119.65,121.1,262330451.0,125.1738012532,119.4436982211,120.891198116,125.0540081585,262330451.0,AAPL,XNAS,2020-10-13 00:00:00+00:00
121.0,123.03,119.62,121.19,151062308.0,122.8178703898,119.4137499474,120.981042937,120.791370537,151062308.0,AAPL,XNAS,2020-10-14 00:00:00+00:00
118.72,121.2,118.15,120.71,112559219.0,120.9910256949,117.9462845368,120.5018705581,118.5153017368,112559219.0,AAPL,XNAS,2020-10-15 00:00:00+00:00
121.28,121.548,118.81,119.02,115393808.0,121.3384256697,118.6051465579,118.8147844737,121.0708877581,115393808.0,AAPL,XNAS,2020-10-16 00:00:00+00:00
119.96,120.419,115.66,115.98,120639337.0,120.2113723033,115.4605778208,115.7800260734,119.7531637159,120639337.0,AAPL,XNAS,2020-10-19 00:00:00+00:00
116.2,118.98,115.63,117.51,124423728.0,118.7748534421,115.4306295471,117.3073880315,115.9996467471,124423728.0,AAPL,XNAS,2020-10-20 00:00:00+00:00
116.67,118.705,116.45,116.87,89945980.0,118.5003276,116.2492156945,116.6684915261,116.4688363682,89945980.0,AAPL,XNAS,2020-10-21 00:00:00+00:00
117.45,118.04,114.59,115.75,101987954.0,117.8364741999,114.3924227259,115.5504226418,117.2474914841,101987954.0,AAPL,XNAS,2020-10-22 00:00:00+00:00
116.39,116.55,114.28,115.04,82572645.0,116.3490432735,114.0829572312,114.8416468312,116.1893191471,82572645.0,AAPL,XNAS,2020-10-23 00:00:00+00:00
114.01,116.55,112.88,115.05,111850657.0,116.3490432735,112.6853711258,114.8516295891,113.813422768,111850657.0,AAPL,XNAS,2020-10-26 00:00:00+00:00
115.49,117.28,114.5399,116.6,92276772.0,117.0777845999,114.3424091089,116.398957063,115.2908709365,92276772.0,AAPL,XNAS,2020-10-27 00:00:00+00:00
115.05,115.43,111.1,111.2,143937823.0,115.2309743892,110.9084402204,111.0082677993,114.8516295891,143937823.0,AAPL,XNAS,2020-10-28 00:00:00+00:00
112.37,116.93,112.2,115.32,146129173.0,116.7283880735,112.0065435889,115.1211640523,112.1762504731,146129173.0,AAPL,XNAS,2020-10-29 00:00:00+00:00
111.06,111.99,107.72,108.86,190573476.0,111.7969056731,107.5342680516,108.6723024517,110.8685091888,190573476.0,AAPL,XNAS,2020-10-30 00:00:00+00:00
109.11,110.68,107.32,108.77,122866899.0,110.4891643887,107.1349577358,108.5824576307,108.9218713991,122866899.0,AAPL,XNAS,2020-11-02 00:00:00+00:00
109.66,111.49,108.73,110.44,107624448.0,111.2977677783,108.5425265991,110.2495781993,109.4709230834,107624448.0,AAPL,XNAS,2020-11-03 00:00:00+00:00
114.14,115.59,112.35,114.95,138235482.0,115.3906985155,112.1562849573,114.7518020102,113.9431986206,138235482.0,AAPL,XNAS,2020-11-04 00:00:00+00:00
117.95,119.62,116.8686,119.03,126387074.0,119.4137499474,116.66709394,118.8247672316,117.7466293789,126387074.0,AAPL,XNAS,2020-11-05 00:00:00+00:00
118.32,119.2,116.13,118.69,114457922.0,119.2,116.13,118.69,118.32,114457922.0,AAPL,XNAS,2020-11-06 00:00:00+00:00
120.5,121.99,116.05,116.32,154515315.0,121.99,116.05,116.32,120.5,154515315.0,AAPL,XNAS,2020-11-09 00:00:00+00:00
115.55,117.59,114.13,115.97,138023390.0,117.59,114.13,115.97,115.55,138023390.0,AAPL,XNAS,2020-11-10 00:00:00+00:00
117.19,119.63,116.44,119.49,112294954.0,119.63,116.44,119.49,117.19,112294954.0,AAPL,XNAS,2020-11-11 00:00:00+00:00
119.62,120.53,118.57,119.21,103350674.0,120.53,118.57,119.21,119.62,103350674.0,AAPL,XNAS,2020-11-12 00:00:00+00:00
119.44,119.6717,117.87,119.26,81688586.0,119.6717,117.87,119.26,119.44,81688586.0,AAPL,XNAS,2020-11-13 00:00:00+00:00
118.92,120.99,118.146,120.3,91183018.0,120.99,118.146,120.3,118.92,91183018.0,AAPL,XNAS,2020-11-16 00:00:00+00:00
119.55,120.6741,118.96,119.39,74270973.0,120.6741,118.96,119.39,119.55,74270973.0,AAPL,XNAS,2020-11-17 00:00:00+00:00
118.61,119.82,118.0,118.03,76322111.0,119.82,118.0,118.03,118.61,76322111.0,AAPL,XNAS,2020-11-18 00:00:00+00:00
117.59,119.06,116.81,118.64,74112972.0,119.06,116.81,118.64,117.59,74112972.0,AAPL,XNAS,2020-11-19 00:00:00+00:00
118.64,118.77,117.29,117.34,73604287.0,118.77,117.29,117.34,118.64,73604287.0,AAPL,XNAS,2020-11-20 00:00:00+00:00
117.18,117.6202,113.75,113.85,127959318.0,117.6202,113.75,113.85,117.18,127959318.0,AAPL,XNAS,2020-11-23 00:00:00+00:00
113.91,115.85,112.59,115.17,113226248.0,115.85,112.59,115.17,113.91,113226248.0,AAPL,XNAS,2020-11-24 00:00:00+00:00
115.55,116.75,115.17,116.03,76499234.0,116.75,115.17,116.03,115.55,76499234.0,AAPL,XNAS,2020-11-25 00:00:00+00:00
116.57,117.49,116.22,116.59,46691331.0,117.49,116.22,116.59,116.57,46691331.0,AAPL,XNAS,2020-11-27 00:00:00+00:00
116.97,120.97,116.81,119.05,169410176.0,120.97,116.81,119.05,116.97,169410176.0,AAPL,XNAS,2020-11-30 00:00:00+00:00
121.01,123.4693,120.01,122.72,125920963.0,123.4693,120.01,122.72,121.01,125920963.0,AAPL,XNAS,2020-12-01 00:00:00+00:00
122.02,123.37,120.89,123.08,89004195.0,123.37,120.89,123.08,122.02,89004195.0,AAPL,XNAS,2020-12-02 00:00:00+00:00
100.43,100.43,98.67,99.06,4813413.0,100.43,98.67,99.06,100.43,4813413.0,ABT,XNYS,2020-08-11 00:00:00+00:00
99.55,101.1,99.315,100.65,2668830.0,101.1,99.315,100.65,99.55,2668830.0,ABT,XNYS,2020-08-12 00:00:00+00:00
100.34,101.2693,100.0,101.1,2485444.0,101.2693,100.0,101.1,100.34,2485444.0,ABT,XNYS,2020-08-13 00:00:00+00:00
100.93,101.22,99.575,99.99,2710727.0,101.22,99.575,99.99,100.93,2710727.0,ABT,XNYS,2020-08-14 00:00:00+00:00
100.3,101.42,100.21,100.71,4648235.0,101.42,100.21,100.71,100.3,4648235.0,ABT,XNYS,2020-08-17 00:00:00+00:00
101.09,101.72,100.43,100.96,3773027.0,101.72,100.43,100.96,101.09,3773027.0,ABT,XNYS,2020-08-18 00:00:00+00:00
101.08,101.62,100.33,100.48,2707361.0,101.62,100.33,100.48,101.08,2707361.0,ABT,XNYS,2020-08-19 00:00:00+00:00
99.99,102.02,99.75,101.63,3053778.0,102.02,99.75,101.63,99.99,3053778.0,ABT,XNYS,2020-08-20 00:00:00+00:00
101.63,102.54,100.84,102.4,3535745.0,102.54,100.84,102.4,101.63,3535745.0,ABT,XNYS,2020-08-21 00:00:00+00:00
102.7,103.23,100.7,101.39,3023770.0,103.23,100.7,101.39,102.7,3023770.0,ABT,XNYS,2020-08-24 00:00:00+00:00
101.98,102.9026,101.52,102.47,2467978.0,102.9026,101.52,102.47,101.98,2467978.0,ABT,XNYS,2020-08-25 00:00:00+00:00
101.99,103.29,101.26,103.19,2643657.0,103.29,101.26,103.19,101.99,2643657.0,ABT,XNYS,2020-08-26 00:00:00+00:00
111.01,114.0,109.52,111.29,35628372.0,114.0,109.52,111.29,111.01,35628372.0,ABT,XNYS,2020-08-27 00:00:00+00:00
113.54,114.195,109.405,110.79,17159364.0,114.195,109.405,110.79,113.54,17159364.0,ABT,XNYS,2020-08-28 00:00:00+00:00
110.7,111.74,109.26,109.47,6844090.0,111.74,109.26,109.47,110.7,6844090.0,ABT,XNYS,2020-08-31 00:00:00+00:00
108.93,109.065,105.58,106.55,7699942.0,109.065,105.58,106.55,108.93,7699942.0,ABT,XNYS,2020-09-01 00:00:00+00:00
106.45,109.91,105.88,109.44,5787916.0,109.91,105.88,109.44,106.45,5787916.0,ABT,XNYS,2020-09-02 00:00:00+00:00
108.7,108.94,104.3,105.53,6024686.0,108.94,104.3,105.53,108.7,6024686.0,ABT,XNYS,2020-09-03 00:00:00+00:00
105.45,106.04,102.42,104.16,5021146.0,106.04,102.42,104.16,105.45,5021146.0,ABT,XNYS,2020-09-04 00:00:00+00:00
103.17,103.8164,102.43,102.84,5168337.0,103.8164,102.43,102.84,103.17,5168337.0,ABT,XNYS,2020-09-08 00:00:00+00:00
104.26,106.9299,104.13,105.81,4365102.0,106.9299,104.13,105.81,104.26,4365102.0,ABT,XNYS,2020-09-09 00:00:00+00:00
105.6,105.6,103.73,104.0,4271232.0,105.6,103.73,104.0,105.6,4271232.0,ABT,XNYS,2020-09-10 00:00:00+00:00
105.28,105.7,104.3248,104.7,4102997.0,105.7,104.3248,104.7,105.28,4102997.0,ABT,XNYS,2020-09-11 00:00:00+00:00
105.59,106.66,105.12,105.69,3815093.0,106.66,105.12,105.69,105.59,3815093.0,ABT,XNYS,2020-09-14 00:00:00+00:00
107.0,107.53,106.17,106.58,3565758.0,107.53,106.17,106.58,107.0,3565758.0,ABT,XNYS,2020-09-15 00:00:00+00:00
106.95,107.37,105.66,105.7,3929317.0,107.37,105.66,105.7,106.95,3929317.0,ABT,XNYS,2020-09-16 00:00:00+00:00
104.96,106.75,104.3922,106.66,4231135.0,106.75,104.3922,106.66,104.96,4231135.0,ABT,XNYS,2020-09-17 00:00:00+00:00
106.56,107.99,106.14,106.86,7558709.0,107.99,106.14,106.86,106.56,7558709.0,ABT,XNYS,2020-09-18 00:00:00+00:00
105.8,106.46,104.46,105.95,4457361.0,106.46,104.46,105.95,105.8,4457361.0,ABT,XNYS,2020-09-21 00:00:00+00:00
105.46,105.52,103.565,104.8,4180254.0,105.52,103.565,104.8,105.46,4180254.0,ABT,XNYS,2020-09-22 00:00:00+00:00
104.99,104.99,102.23,102.73,4040141.0,104.99,102.23,102.73,104.99,4040141.0,ABT,XNYS,2020-09-23 00:00:00+00:00
102.75,103.53,100.47,100.92,7603993.0,103.53,100.47,100.92,102.75,7603993.0,ABT,XNYS,2020-09-24 00:00:00+00:00
100.56,103.61,100.34,103.45,5060317.0,103.61,100.34,103.45,100.56,5060317.0,ABT,XNYS,2020-09-25 00:00:00+00:00
104.24,105.25,103.82,104.44,5515469.0,105.25,103.82,104.44,104.24,5515469.0,ABT,XNYS,2020-09-28 00:00:00+00:00
106.01,106.41,104.92,105.19,4470770.0,106.41,104.92,105.19,106.01,4470770.0,ABT,XNYS,2020-09-29 00:00:00+00:00
105.99,109.48,105.74,108.83,9487040.0,109.48,105.74,108.83,105.99,9487040.0,ABT,XNYS,2020-09-30 00:00:00+00:00
109.18,110.33,108.38,108.64,7242069.0,110.33,108.38,108.64,109.18,7242069.0,ABT,XNYS,2020-10-01 00:00:00+00:00
107.68,108.66,106.33,106.5,5590462.0,108.66,106.33,106.5,107.68,5590462.0,ABT,XNYS,2020-10-02 00:00:00+00:00
107.18,108.65,107.18,108.56,3603415.0,108.65,107.18,108.56,107.18,3603415.0,ABT,XNYS,2020-10-05 00:00:00+00:00
108.56,108.77,106.05,106.25,3992611.0,108.77,106.05,106.25,108.56,3992611.0,ABT,XNYS,2020-10-06 00:00:00+00:00
107.37,108.18,106.93,107.74,4162751.0,108.18,106.93,107.74,107.37,4162751.0,ABT,XNYS,2020-10-07 00:00:00+00:00
108.14,109.13,107.42,108.54,4168512.0,109.13,107.42,108.54,108.14,4168512.0,ABT,XNYS,2020-10-08 00:00:00+00:00
109.34,109.97,108.8,109.65,3060733.0,109.97,108.8,109.65,109.34,3060733.0,ABT,XNYS,2020-10-09 00:00:00+00:00
110.25,111.57,109.76,111.05,4201819.0,111.1984784016,109.3945055962,110.6802099713,109.8828739247,4201819.0,ABT,XNYS,2020-10-12 00:00:00+00:00
110.5,110.99,108.25,108.37,4773555.0,110.6204097678,107.8895338082,108.0091342152,110.1320414393,4773555.0,ABT,XNYS,2020-10-13 00:00:00+00:00
108.61,109.83,107.34,107.75,4191903.0,109.83,107.34,107.75,108.61,4191903.0,ABT,XNYS,2020-10-14 00:00:00+00:00
106.85,107.74,106.31,107.32,3518987.0,107.74,106.31,107.32,106.85,3518987.0,ABT,XNYS,2020-10-15 00:00:00+00:00
107.7,110.38,107.7,109.67,4363766.0,110.38,107.7,109.67,107.7,4363766.0,ABT,XNYS,2020-10-16 00:00:00+00:00
109.9,111.035,107.82,108.04,4228515.0,111.035,107.82,108.04,109.9,4228515.0,ABT,XNYS,2020-10-19 00:00:00+00:00
108.35,109.89,108.11,108.36,3873504.0,109.89,108.11,108.36,108.35,3873504.0,ABT,XNYS,2020-10-20 00:00:00+00:00
108.01,109.0,104.7548,105.93,5716007.0,109.0,104.7548,105.93,108.01,5716007.0,ABT,XNYS,2020-10-21 00:00:00+00:00
106.42,110.05,106.24,109.48,4954280.0,110.05,106.24,109.48,106.42,4954280.0,ABT,XNYS,2020-10-22 00:00:00+00:00
109.64,110.0,107.57,107.79,3573013.0,110.0,107.57,107.79,109.64,3573013.0,ABT,XNYS,2020-10-23 00:00:00+00:00
107.57,109.161,107.0474,109.0,7297958.0,109.161,107.0474,109.0,107.57,7297958.0,ABT,XNYS,2020-10-26 00:00:00+00:00
108.89,109.7495,108.33,108.58,4518049.0,109.7495,108.33,108.58,108.89,4518049.0,ABT,XNYS,2020-10-27 00:00:00+00:00
106.81,107.41,105.38,106.42,7104939.0,107.41,105.38,106.42,106.81,7104939.0,ABT,XNYS,2020-10-28 00:00:00+00:00
106.38,106.58,104.57,105.0,4237622.0,106.58,104.57,105.0,106.38,4237622.0,ABT,XNYS,2020-10-29 00:00:00+00:00
104.76,105.55,103.13,105.11,4434640.0,105.55,103.13,105.11,104.76,4434640.0,ABT,XNYS,2020-10-30 00:00:00+00:00
107.09,108.7,106.11,107.48,5907062.0,108.7,106.11,107.48,107.09,5907062.0,ABT,XNYS,2020-11-02 00:00:00+00:00
108.74,110.8,108.36,109.56,3870091.0,110.8,108.36,109.56,108.74,3870091.0,ABT,XNYS,2020-11-03 00:00:00+00:00
110.17,114.23,110.105,111.53,7421211.0,114.23,110.105,111.53,110.17,7421211.0,ABT,XNYS,2020-11-04 00:00:00+00:00
113.51,114.84,112.72,113.53,5139894.0,114.84,112.72,113.53,113.51,5139894.0,ABT,XNYS,2020-11-05 00:00:00+00:00
113.88,115.14,112.84,114.42,5644486.0,115.14,112.84,114.42,113.88,5644486.0,ABT,XNYS,2020-11-06 00:00:00+00:00
111.8,113.21,106.19,109.39,13990710.0,113.21,106.19,109.39,111.8,13990710.0,ABT,XNYS,2020-11-09 00:00:00+00:00
109.25,111.59,108.4023,110.81,5243650.0,111.59,108.4023,110.81,109.25,5243650.0,ABT,XNYS,2020-11-10 00:00:00+00:00
111.94,112.95,111.465,112.65,3994005.0,112.95,111.465,112.65,111.94,3994005.0,ABT,XNYS,2020-11-11 00:00:00+00:00
112.41,112.86,111.3,111.95,2817539.0,112.86,111.3,111.95,112.41,2817539.0,ABT,XNYS,2020-11-12 00:00:00+00:00
113.0,113.09,111.42,112.6,3919070.0,113.09,111.42,112.6,113.0,3919070.0,ABT,XNYS,2020-11-13 00:00:00+00:00
112.05,113.75,111.59,113.67,4144862.0,113.75,111.59,113.67,112.05,4144862.0,ABT,XNYS,2020-11-16 00:00:00+00:00
113.22,114.62,112.34,113.06,3793137.0,114.62,112.34,113.06,113.22,3793137.0,ABT,XNYS,2020-11-17 00:00:00+00:00
113.67,113.71,109.75,109.77,4545668.0,113.71,109.75,109.77,113.67,4545668.0,ABT,XNYS,2020-11-18 00:00:00+00:00
110.0,111.2,109.26,111.0,3548144.0,111.2,109.26,111.0,110.0,3548144.0,ABT,XNYS,2020-11-19 00:00:00+00:00
110.74,111.76,110.07,110.89,4075245.0,111.76,110.07,110.89,110.74,4075245.0,ABT,XNYS,2020-11-20 00:00:00+00:00
111.43,111.52,108.86,109.27,4106070.0,111.52,108.86,109.27,111.43,4106070.0,ABT,XNYS,2020-11-23 00:00:00+00:00
109.31,109.59,107.25,107.61,7132516.0,109.59,107.25,107.61,109.31,7132516.0,ABT,XNYS,2020-11-24 00:00:00+00:00
107.05,108.4,105.63,106.41,6224141.0,108.4,105.63,106.41,107.05,6224141.0,ABT,XNYS,2020-11-25 00:00:00+00:00
106.67,107.75,105.87,107.62,1979001.0,107.75,105.87,107.62,106.67,1979001.0,ABT,XNYS,2020-11-27 00:00:00+00:00
107.77,108.55,107.09,108.22,5702327.0,108.55,107.09,108.22,107.77,5702327.0,ABT,XNYS,2020-11-30 00:00:00+00:00
109.24,109.6,108.07,108.49,4123895.0,109.6,108.07,108.49,109.24,4123895.0,ABT,XNYS,2020-12-01 00:00:00+00:00
108.31,108.63,107.36,108.15,3444892.0,108.63,107.36,108.15,108.31,3444892.0,ABT,XNYS,2020-12-02 00:00:00+00:00
3113.2,3159.22,3073.0,3080.67,3718057.0,3159.22,3073.0,3080.67,3113.2,3718057.0,AMZN,XNAS,2020-08-11 00:00:00+00:00
3108.0,3174.385,3101.42,3162.24,3527229.0,3174.385,3101.42,3162.24,3108.0,3527229.0,AMZN,XNAS,2020-08-12 00:00:00+00:00
3182.99,3217.5211,3155.0,3161.02,3149043.0,3217.5211,3155.0,3161.02,3182.99,3149043.0,AMZN,XNAS,2020-08-13 00:00:00+00:00
3178.18,3178.2357,3120.0,3148.02,2751723.0,3178.2357,3120.0,3148.02,3178.18,2751723.0,AMZN,XNAS,2020-08-14 00:00:00+00:00
3173.12,3194.97,3154.1775,3182.41,2675890.0,3194.97,3154.1775,3182.41,3173.12,2675890.0,AMZN,XNAS,2020-08-17 00:00:00+00:00
3212.0,3320.0,3205.8187,3312.49,5345974.0,3320.0,3205.8187,3312.49,3212.0,5345974.0,AMZN,XNAS,2020-08-18 00:00:00+00:00
3303.01,3315.9,3256.0001,3260.48,4185137.0,3315.9,3256.0001,3260.48,3303.01,4185137.0,AMZN,XNAS,2020-08-19 00:00:00+00:00
3252.0,3312.62,3238.0,3297.37,3332478.0,3312.62,3238.0,3297.37,3252.0,3332478.0,AMZN,XNAS,2020-08-20 00:00:00+00:00
3295.0,3314.3962,3275.39,3284.72,3575862.0,3314.3962,3275.39,3284.72,3295.0,3575862.0,AMZN,XNAS,2020-08-21 00:00:00+00:00
3310.15,3380.315,3257.5608,3307.46,4666258.0,3380.315,3257.5608,3307.46,3310.15,4666258.0,AMZN,XNAS,2020-08-24 00:00:00+00:00
3294.99,3357.4,3267.0,3346.49,3992842.0,3357.4,3267.0,3346.49,3294.99,3992842.0,AMZN,XNAS,2020-08-25 00:00:00+00:00
3351.11,3451.7387,3344.5675,3441.85,6508743.0,3451.7387,3344.5675,3441.85,3351.11,6508743.0,AMZN,XNAS,2020-08-26 00:00:00+00:00
3450.05,3453.0,3378.0,3400.0,4264795.0,3453.0,3378.0,3400.0,3450.05,4264795.0,AMZN,XNAS,2020-08-27 00:00:00+00:00
3423.0,3433.3699,3386.5,3401.8,2896978.0,3433.3699,3386.5,3401.8,3423.0,2896978.0,AMZN,XNAS,2020-08-28 00:00:00+00:00
3408.99,3495.0,3405.0,3450.96,4185885.0,3495.0,3405.0,3450.96,3408.99,4185885.0,AMZN,XNAS,2020-08-31 00:00:00+00:00
3489.58,3513.87,3467.0,3499.12,3476407.0,3513.87,3467.0,3499.12,3489.58,3476407.0,AMZN,XNAS,2020-09-01 00:00:00+00:00
3547.0,3552.25,3486.685,3531.45,3931476.0,3552.25,3486.685,3531.45,3547.0,3931476.0,AMZN,XNAS,2020-09-02 00:00:00+00:00
3485.0,3488.41,3303.0,3368.0,8161113.0,3488.41,3303.0,3368.0,3485.0,8161113.0,AMZN,XNAS,2020-09-03 00:00:00+00:00
3318.0,3381.5,3111.13,3294.62,8781754.0,3381.5,3111.13,3294.62,3318.0,8781754.0,AMZN,XNAS,2020-09-04 00:00:00+00:00
3144.0,3250.845,3130.0,3149.84,6094205.0,3250.845,3130.0,3149.84,3144.0,6094205.0,AMZN,XNAS,2020-09-08 00:00:00+00:00
3202.99,3303.175,3185.0,3268.61,5188675.0,3303.175,3185.0,3268.61,3202.99,5188675.0,AMZN,XNAS,2020-09-09 00:00:00+00:00
3307.2188,3349.89,3170.55,3175.11,5330741.0,3349.89,3170.55,3175.11,3307.2188,5330741.0,AMZN,XNAS,2020-09-10 00:00:00+00:00
3208.69,3217.3409,3083.98,3116.22,5093982.0,3217.3409,3083.98,3116.22,3208.69,5093982.0,AMZN,XNAS,2020-09-11 00:00:00+00:00
3172.9372,3187.39,3096.0,3102.97,4529596.0,3187.39,3096.0,3102.97,3172.9372,4529596.0,AMZN,XNAS,2020-09-14 00:00:00+00:00
3136.16,3175.02,3108.92,3156.13,4021535.0,3175.02,3108.92,3156.13,3136.16,4021535.0,AMZN,XNAS,2020-09-15 00:00:00+00:00
3179.99,3187.238,3074.15,3078.1,4531189.0,3187.238,3074.15,3078.1,3179.99,4531189.0,AMZN,XNAS,2020-09-16 00:00:00+00:00
3009.25,3029.432,2972.55,3008.73,6449050.0,3029.432,2972.55,3008.73,3009.25,6449050.0,AMZN,XNAS,2020-09-17 00:00:00+00:00
3031.74,3037.8,2905.54,2954.91,8892580.0,3037.8,2905.54,2954.91,3031.74,8892580.0,AMZN,XNAS,2020-09-18 00:00:00+00:00
2906.5,2962.0,2871.0,2960.47,6117925.0,2962.0,2871.0,2960.47,2906.5,6117925.0,AMZN,XNAS,2020-09-21 00:00:00+00:00
3033.835,3133.99,3000.2,3128.99,6948816.0,3133.99,3000.2,3128.99,3033.835,6948816.0,AMZN,XNAS,2020-09-22 00:00:00+00:00
3120.43,3126.999,2992.3759,2999.86,5652665.0,3126.999,2992.3759,2999.86,3120.43,5652665.0,AMZN,XNAS,2020-09-23 00:00:00+00:00
2977.79,3069.3,2965.0,3019.79,5529392.0,3069.3,2965.0,3019.79,2977.79,5529392.0,AMZN,XNAS,2020-09-24 00:00:00+00:00
3054.86,3101.54,2999.0,3095.13,4615202.0,3101.54,2999.0,3095.13,3054.86,4615202.0,AMZN,XNAS,2020-09-25 00:00:00+00:00
3148.85,3175.04,3117.1684,3174.05,4224165.0,3175.04,3117.1684,3174.05,3148.85,4224165.0,AMZN,XNAS,2020-09-28 00:00:00+00:00
3175.39,3188.26,3132.54,3144.88,3503398.0,3188.26,3132.54,3144.88,3175.39,3503398.0,AMZN,XNAS,2020-09-29 00:00:00+00:00
3141.14,3212.88,3133.99,3148.73,4896101.0,3212.88,3133.99,3148.73,3141.14,4896101.0,AMZN,XNAS,2020-09-30 00:00:00+00:00
3208.0,3224.0,3172.0,3221.26,4971922.0,3224.0,3172.0,3221.26,3208.0,4971922.0,AMZN,XNAS,2020-10-01 00:00:00+00:00
3153.63,3195.7965,3123.0,3125.0,5613098.0,3195.7965,3123.0,3125.0,3153.63,5613098.0,AMZN,XNAS,2020-10-02 00:00:00+00:00
3145.84,3202.53,3140.85,3199.2,3775332.0,3202.53,3140.85,3199.2,3145.84,3775332.0,AMZN,XNAS,2020-10-05 00:00:00+00:00
3165.0,3182.0,3090.0,3099.96,5086857.0,3182.0,3090.0,3099.96,3165.0,5086857.0,AMZN,XNAS,2020-10-06 00:00:00+00:00
3135.0,3200.0,3132.385,3195.69,4309439.0,3200.0,3132.385,3195.69,3135.0,4309439.0,AMZN,XNAS,2020-10-07 00:00:00+00:00
3224.99,3233.2944,3174.99,3190.55,3174114.0,3233.2944,3174.99,3190.55,3224.99,3174114.0,AMZN,XNAS,2020-10-08 00:00:00+00:00
3210.0,3288.99,3197.83,3286.65,4907871.0,3288.99,3197.83,3286.65,3210.0,4907871.0,AMZN,XNAS,2020-10-09 00:00:00+00:00
3349.94,3496.24,3339.55,3442.93,8364198.0,3496.24,3339.55,3442.93,3349.94,8364198.0,AMZN,XNAS,2020-10-12 00:00:00+00:00
3467.99,3492.38,3424.217,3443.63,5744697.0,3492.38,3424.217,3443.63,3467.99,5744697.0,AMZN,XNAS,2020-10-13 00:00:00+00:00
3447.0,3464.88,3340.0,3363.71,5828916.0,3464.88,3340.0,3363.71,3447.0,5828916.0,AMZN,XNAS,2020-10-14 00:00:00+00:00
3292.01,3355.88,3280.0,3338.65,5223448.0,3355.88,3280.0,3338.65,3292.01,5223448.0,AMZN,XNAS,2020-10-15 00:00:00+00:00
3363.23,3399.6606,3160.0,3272.71,6474353.0,3399.6606,3160.0,3272.71,3363.23,6474353.0,AMZN,XNAS,2020-10-16 00:00:00+00:00
3299.61,3329.0,3192.735,3207.21,5223626.0,3329.0,3192.735,3207.21,3299.61,5223626.0,AMZN,XNAS,2020-10-19 00:00:00+00:00
3222.28,3266.0,3192.01,3217.01,4509678.0,3266.0,3192.01,3217.01,3222.28,4509678.0,AMZN,XNAS,2020-10-20 00:00:00+00:00
3212.5,3233.875,3160.0,3184.94,4592736.0,3233.875,3160.0,3184.94,3212.5,4592736.0,AMZN,XNAS,2020-10-21 00:00:00+00:00
3189.87,3198.75,3121.94,3176.4,4212005.0,3198.75,3121.94,3176.4,3189.87,4212005.0,AMZN,XNAS,2020-10-22 00:00:00+00:00
3191.0,3205.33,3140.0,3204.4,3466687.0,3205.33,3140.0,3204.4,3191.0,3466687.0,AMZN,XNAS,2020-10-23 00:00:00+00:00
3198.74,3282.9799,3153.3,3207.04,5901151.0,3282.9799,3153.3,3207.04,3198.74,5901151.0,AMZN,XNAS,2020-10-26 00:00:00+00:00
3224.94,3291.66,3211.3,3286.33,4291047.0,3291.66,3211.3,3286.33,3224.94,4291047.0,AMZN,XNAS,2020-10-27 00:00:00+00:00
3249.3,3264.02,3162.47,3162.78,5588330.0,3264.02,3162.47,3162.78,3249.3,5588330.0,AMZN,XNAS,2020-10-28 00:00:00+00:00
3201.27,3257.25,3164.0,3211.01,6596529.0,3257.25,3164.0,3211.01,3201.27,6596529.0,AMZN,XNAS,2020-10-29 00:00:00+00:00
3157.75,3167.004,3019.0,3036.15,8396081.0,3167.004,3019.0,3036.15,3157.75,8396081.0,AMZN,XNAS,2020-10-30 00:00:00+00:00
3061.74,3079.705,2950.12,3004.48,7257350.0,3079.705,2950.12,3004.48,3061.74,7257350.0,AMZN,XNAS,2020-11-02 00:00:00+00:00
3018.53,3074.9,2980.98,3048.41,4897880.0,3074.9,2980.98,3048.41,3018.53,4897880.0,AMZN,XNAS,2020-11-03 00:00:00+00:00
3159.99,3244.85,3139.73,3241.16,6839041.0,3244.85,3139.73,3241.16,3159.99,6839041.0,AMZN,XNAS,2020-11-04 00:00:00+00:00
3319.97,3366.8,3288.88,3322.0,5789285.0,3366.8,3288.88,3322.0,3319.97,5789285.0,AMZN,XNAS,2020-11-05 00:00:00+00:00
3304.64,3322.0,3232.0,3311.37,4647330.0,3322.0,3232.0,3311.37,3304.64,4647330.0,AMZN,XNAS,2020-11-06 00:00:00+00:00
3231.03,3289.0,3112.1057,3143.74,7190406.0,3289.0,3112.1057,3143.74,3231.03,7190406.0,AMZN,XNAS,2020-11-09 00:00:00+00:00
3095.02,3114.0,3019.4828,3035.02,6590956.0,3114.0,3019.4828,3035.02,3095.02,6590956.0,AMZN,XNAS,2020-11-10 00:00:00+00:00
3061.78,3139.145,3050.0,3137.39,4366923.0,3139.145,3050.0,3137.39,3061.78,4366923.0,AMZN,XNAS,2020-11-11 00:00:00+00:00
3159.95,3175.88,3086.05,3110.28,4371208.0,3175.88,3086.05,3110.28,3159.95,4371208.0,AMZN,XNAS,2020-11-12 00:00:00+00:00
3122.0,3141.7227,3085.39,3128.81,3762587.0,3141.7227,3085.39,3128.81,3122.0,3762587.0,AMZN,XNAS,2020-11-13 00:00:00+00:00
3093.2,3142.7,3072.685,3131.06,3808676.0,3142.7,3072.685,3131.06,3093.2,3808676.0,AMZN,XNAS,2020-11-16 00:00:00+00:00
3183.5445,3189.25,3135.26,3135.66,3444735.0,3189.25,3135.26,3135.66,3183.5445,3444735.0,AMZN,XNAS,2020-11-17 00:00:00+00:00
3134.0,3140.0,3105.1,3105.46,2916836.0,3140.0,3105.1,3105.46,3134.0,2916836.0,AMZN,XNAS,2020-11-18 00:00:00+00:00
3105.31,3125.0,3080.92,3117.02,3010270.0,3125.0,3080.92,3117.02,3105.31,3010270.0,AMZN,XNAS,2020-11-19 00:00:00+00:00
3117.02,3132.89,3098.0456,3099.4,3380138.0,3132.89,3098.0456,3099.4,3117.02,3380138.0,AMZN,XNAS,2020-11-20 00:00:00+00:00
3116.6986,3139.745,3065.46,3098.39,4708887.0,3139.745,3065.46,3098.39,3116.6986,4708887.0,AMZN,XNAS,2020-11-23 00:00:00+00:00
3100.5,3134.25,3086.258,3118.06,3570889.0,3134.25,3086.258,3118.06,3100.5,3570889.0,AMZN,XNAS,2020-11-24 00:00:00+00:00
3141.87,3198.0,3140.26,3185.07,3790403.0,3198.0,3140.26,3185.07,3141.87,3790403.0,AMZN,XNAS,2020-11-25 00:00:00+00:00
3211.26,3216.19,3190.05,3195.34,2392867.0,3216.19,3190.05,3195.34,3211.26,2392867.0,AMZN,XNAS,2020-11-27 00:00:00+00:00
3208.48,3228.39,3125.55,3168.04,4063916.0,3228.39,3125.55,3168.04,3208.48,4063916.0,AMZN,XNAS,2020-11-30 00:00:00+00:00
3188.5,3248.95,3157.18,3220.08,4493554.0,3248.95,3157.18,3220.08,3188.5,4493554.0,AMZN,XNAS,2020-12-01 00:00:00+00:00
3221.65,3232.0,3173.2601,3203.53,3129304.0,3232.0,3173.2601,3203.53,3221.65,3129304.0,AMZN,XNAS,2020-12-02 00:00:00+00:00
251.29,252.88,247.83,248.42,9651823.0,252.88,247.83,248.42,251.29,9651823.0,BABA,XNYS,2020-08-11 00:00:00+00:00
249.25,256.08,248.68,255.19,11065636.0,256.08,248.68,255.19,249.25,11065636.0,BABA,XNYS,2020-08-12 00:00:00+00:00
256.39,256.97,252.8799,253.72,8435789.0,256.97,252.8799,253.72,256.39,8435789.0,BABA,XNYS,2020-08-13 00:00:00+00:00
255.49,255.77,251.64,253.97,7844428.0,255.77,251.64,253.97,255.49,7844428.0,BABA,XNYS,2020-08-14 00:00:00+00:00
253.0,257.375,250.085,256.96,9694206.0,257.375,250.085,256.96,253.0,9694206.0,BABA,XNYS,2020-08-17 00:00:00+00:00
258.71,261.42,256.06,259.2,13110477.0,261.42,256.06,259.2,258.71,13110477.0,BABA,XNYS,2020-08-18 00:00:00+00:00
260.89,261.29,257.38,260.59,13645841.0,261.29,257.38,260.59,260.89,13645841.0,BABA,XNYS,2020-08-19 00:00:00+00:00
256.89,258.88,254.18,257.97,20887237.0,258.88,254.18,257.97,256.89,20887237.0,BABA,XNYS,2020-08-20 00:00:00+00:00
259.03,267.43,258.31,265.8,25389238.0,267.43,258.31,265.8,259.03,25389238.0,BABA,XNYS,2020-08-21 00:00:00+00:00
273.24,276.97,271.62,276.02,21751464.0,276.97,271.62,276.02,273.24,21751464.0,BABA,XNYS,2020-08-24 00:00:00+00:00
278.06,289.12,276.04,286.0,27258555.0,289.12,276.04,286.0,278.06,27258555.0,BABA,XNYS,2020-08-25 00:00:00+00:00
289.26,292.48,284.1,291.96,18956264.0,292.48,284.1,291.96,289.26,18956264.0,BABA,XNYS,2020-08-26 00:00:00+00:00
290.17,290.25,282.1,284.17,14502455.0,290.25,282.1,284.17,290.17,14502455.0,BABA,XNYS,2020-08-27 00:00:00+00:00
285.09,289.5,283.57,289.0,8557237.0,289.5,283.57,289.0,285.09,8557237.0,BABA,XNYS,2020-08-28 00:00:00+00:00
288.62,289.19,283.61,287.03,13224704.0,289.19,283.61,287.03,288.62,13224704.0,BABA,XNYS,2020-08-31 00:00:00+00:00
289.2,298.0,288.87,298.0,13489248.0,298.0,288.87,298.0,289.2,13489248.0,BABA,XNYS,2020-09-01 00:00:00+00:00
299.0,299.0,289.79,296.07,12539360.0,299.0,289.79,296.07,299.0,12539360.0,BABA,XNYS,2020-09-02 00:00:00+00:00
289.0,290.7334,278.16,282.5,16611401.0,290.7334,278.16,282.5,289.0,16611401.0,BABA,XNYS,2020-09-03 00:00:00+00:00
279.6,283.78,267.39,281.39,15768573.0,283.78,267.39,281.39,279.6,15768573.0,BABA,XNYS,2020-09-04 00:00:00+00:00
270.23,273.97,266.59,270.02,12610893.0,273.97,266.59,270.02,270.23,12610893.0,BABA,XNYS,2020-09-08 00:00:00+00:00
274.45,275.64,270.88,273.15,9465664.0,275.64,270.88,273.15,274.45,9465664.0,BABA,XNYS,2020-09-09 00:00:00+00:00
274.9,277.1,267.4,267.55,10676758.0,277.1,267.4,267.55,274.9,10676758.0,BABA,XNYS,2020-09-10 00:00:00+00:00
272.63,274.53,268.12,271.61,9345399.0,274.53,268.12,271.61,272.63,9345399.0,BABA,XNYS,2020-09-11 00:00:00+00:00
275.36,276.29,271.76,274.1,7838132.0,276.29,271.76,274.1,275.36,7838132.0,BABA,XNYS,2020-09-14 00:00:00+00:00
278.0,279.1,274.8,277.96,8250669.0,279.1,274.8,277.96,278.0,8250669.0,BABA,XNYS,2020-09-15 00:00:00+00:00
281.03,283.605,278.0,278.14,9568421.0,283.605,278.0,278.14,281.03,9568421.0,BABA,XNYS,2020-09-16 00:00:00+00:00
273.11,275.9,272.3213,275.72,7993684.0,275.9,272.3213,275.72,273.11,7993684.0,BABA,XNYS,2020-09-17 00:00:00+00:00
275.98,277.27,270.55,272.41,11576476.0,277.27,270.55,272.41,275.98,11576476.0,BABA,XNYS,2020-09-18 00:00:00+00:00
269.1,274.22,266.4,273.82,8612085.0,274.22,266.4,273.82,269.1,8612085.0,BABA,XNYS,2020-09-21 00:00:00+00:00
276.02,276.32,270.05,275.29,9673302.0,276.32,270.05,275.29,276.02,9673302.0,BABA,XNYS,2020-09-22 00:00:00+00:00
275.4,277.83,271.5,272.95,7353201.0,277.83,271.5,272.95,275.4,7353201.0,BABA,XNYS,2020-09-23 00:00:00+00:00
267.93,271.25,267.3338,269.73,9562132.0,271.25,267.3338,269.73,267.93,9562132.0,BABA,XNYS,2020-09-24 00:00:00+00:00
267.57,271.81,264.56,271.09,11466560.0,271.81,264.56,271.09,267.57,11466560.0,BABA,XNYS,2020-09-25 00:00:00+00:00
275.53,278.84,274.1989,276.01,8761678.0,278.84,274.1989,276.01,275.53,8761678.0,BABA,XNYS,2020-09-28 00:00:00+00:00
275.43,279.3,274.9,276.93,7679306.0,279.3,274.9,276.93,275.43,7679306.0,BABA,XNYS,2020-09-29 00:00:00+00:00
284.01,295.0,283.71,293.98,24777735.0,295.0,283.71,293.98,284.01,24777735.0,BABA,XNYS,2020-09-30 00:00:00+00:00
295.26,295.59,288.25,290.05,16304018.0,295.59,288.25,290.05,295.26,16304018.0,BABA,XNYS,2020-10-01 00:00:00+00:00
286.62,291.9794,286.51,288.17,11482752.0,291.9794,286.51,288.17,286.62,11482752.0,BABA,XNYS,2020-10-02 00:00:00+00:00
289.06,290.0,284.88,288.27,17876411.0,290.0,284.88,288.27,289.06,17876411.0,BABA,XNYS,2020-10-05 00:00:00+00:00
287.41,296.84,286.91,292.39,15860391.0,296.84,286.91,292.39,287.41,15860391.0,BABA,XNYS,2020-10-06 00:00:00+00:00
297.99,299.51,292.87,296.5,16669297.0,299.51,292.87,296.5,297.99,16669297.0,BABA,XNYS,2020-10-07 00:00:00+00:00
298.11,302.3,295.441,300.54,15105805.0,302.3,295.441,300.54,298.11,15105805.0,BABA,XNYS,2020-10-08 00:00:00+00:00
298.55,302.61,297.74,299.74,11442246.0,302.61,297.74,299.74,298.55,11442246.0,BABA,XNYS,2020-10-09 00:00:00+00:00
303.95,309.64,301.2848,306.34,14780069.0,309.64,301.2848,306.34,303.95,14780069.0,BABA,XNYS,2020-10-12 00:00:00+00:00
306.36,310.01,303.03,308.78,10898535.0,310.01,303.03,308.78,306.36,10898535.0,BABA,XNYS,2020-10-13 00:00:00+00:00
309.0,309.96,300.8,301.04,15186392.0,309.96,300.8,301.04,309.0,15186392.0,BABA,XNYS,2020-10-14 00:00:00+00:00
293.8,299.8628,292.61,299.46,9709898.0,299.8628,292.61,299.46,293.8,9709898.0,BABA,XNYS,2020-10-15 00:00:00+00:00
303.99,310.0,302.95,307.31,12346464.0,310.0,302.95,307.31,303.99,12346464.0,BABA,XNYS,2020-10-16 00:00:00+00:00
309.89,313.81,303.41,305.29,14107284.0,313.81,303.41,305.29,309.89,14107284.0,BABA,XNYS,2020-10-19 00:00:00+00:00
307.6,311.8,307.06,309.81,8806118.0,311.8,307.06,309.81,307.6,8806118.0,BABA,XNYS,2020-10-20 00:00:00+00:00
311.75,314.0,307.7,307.97,11139660.0,314.0,307.7,307.97,311.75,11139660.0,BABA,XNYS,2020-10-21 00:00:00+00:00
311.46,311.85,304.2101,306.28,8013083.0,311.85,304.2101,306.28,311.46,8013083.0,BABA,XNYS,2020-10-22 00:00:00+00:00
307.27,310.33,304.06,309.92,6231438.0,310.33,304.06,309.92,307.27,6231438.0,BABA,XNYS,2020-10-23 00:00:00+00:00
309.92,315.4599,303.2,306.87,9350118.0,315.4599,303.2,306.87,309.92,9350118.0,BABA,XNYS,2020-10-26 00:00:00+00:00
307.75,319.32,305.61,317.14,13175870.0,319.32,305.61,317.14,307.75,13175870.0,BABA,XNYS,2020-10-27 00:00:00+00:00
313.5,313.5,306.0,307.94,13644451.0,313.5,306.0,307.94,313.5,13644451.0,BABA,XNYS,2020-10-28 00:00:00+00:00
309.44,315.58,308.91,312.56,11174515.0,315.58,308.91,312.56,309.44,11174515.0,BABA,XNYS,2020-10-29 00:00:00+00:00
308.55,310.83,300.19,304.69,14923854.0,310.83,300.19,304.69,308.55,14923854.0,BABA,XNYS,2020-10-30 00:00:00+00:00
310.95,311.44,305.39,310.84,11857638.0,311.44,305.39,310.84,310.95,11857638.0,BABA,XNYS,2020-11-02 00:00:00+00:00
286.2,294.28,280.78,285.57,58132486.0,294.28,280.78,285.57,286.2,58132486.0,BABA,XNYS,2020-11-03 00:00:00+00:00
287.79,299.17,285.3,295.71,28791198.0,299.17,285.3,295.71,287.79,28791198.0,BABA,XNYS,2020-11-04 00:00:00+00:00
289.09,291.25,279.6,287.75,49885852.0,291.25,279.6,287.75,289.09,49885852.0,BABA,XNYS,2020-11-05 00:00:00+00:00
291.49,300.89,289.786,299.95,25259567.0,300.89,289.786,299.95,291.49,25259567.0,BABA,XNYS,2020-11-06 00:00:00+00:00
303.77,304.0,290.5,290.53,22559869.0,304.0,290.5,290.53,303.77,22559869.0,BABA,XNYS,2020-11-09 00:00:00+00:00
279.97,280.0,264.33,266.54,61063978.0,280.0,264.33,266.54,279.97,61063978.0,BABA,XNYS,2020-11-10 00:00:00+00:00
261.92,271.92,261.205,265.65,41698984.0,271.92,261.205,265.65,261.92,41698984.0,BABA,XNYS,2020-11-11 00:00:00+00:00
271.04,271.2,263.04,264.31,27181048.0,271.2,263.04,264.31,271.04,27181048.0,BABA,XNYS,2020-11-12 00:00:00+00:00
264.72,265.44,257.17,260.84,33919958.0,265.44,257.17,260.84,264.72,33919958.0,BABA,XNYS,2020-11-13 00:00:00+00:00
260.42,262.57,257.03,258.31,20864160.0,262.57,257.03,258.31,260.42,20864160.0,BABA,XNYS,2020-11-16 00:00:00+00:00
260.28,260.28,256.54,256.8,19739461.0,260.28,256.54,256.8,260.28,19739461.0,BABA,XNYS,2020-11-17 00:00:00+00:00
257.76,258.31,252.55,255.83,28307122.0,258.31,252.55,255.83,257.76,28307122.0,BABA,XNYS,2020-11-18 00:00:00+00:00
255.0,261.4,253.5601,259.89,20752828.0,261.4,253.5601,259.89,255.0,20752828.0,BABA,XNYS,2020-11-19 00:00:00+00:00
263.97,272.3699,261.9,270.74,34178420.0,272.3699,261.9,270.74,263.97,34178420.0,BABA,XNYS,2020-11-20 00:00:00+00:00
274.75,275.73,266.4107,270.11,25317123.0,275.73,266.4107,270.11,274.75,25317123.0,BABA,XNYS,2020-11-23 00:00:00+00:00
276.235,280.61,272.8,279.96,19575180.0,280.61,272.8,279.96,276.235,19575180.0,BABA,XNYS,2020-11-24 00:00:00+00:00
275.7,279.33,274.05,277.72,15229301.0,279.33,274.05,277.72,275.7,15229301.0,BABA,XNYS,2020-11-25 00:00:00+00:00
278.8,278.92,275.6656,276.48,9583197.0,278.92,275.6656,276.48,278.8,9583197.0,BABA,XNYS,2020-11-27 00:00:00+00:00
268.97,268.97,262.52,263.36,30476124.0,268.97,262.52,263.36,268.97,30476124.0,BABA,XNYS,2020-11-30 00:00:00+00:00
265.47,265.67,261.57,264.01,14076323.0,265.67,261.57,264.01,265.47,14076323.0,BABA,XNYS,2020-12-01 00:00:00+00:00
262.0,263.1,260.11,261.32,13919668.0,263.1,260.11,261.32,262.0,13919668.0,BABA,XNYS,2020-12-02 00:00:00+00:00
130.53,132.76,130.0,130.49,13704427.0,132.76,130.0,130.49,130.53,13704427.0,DIS,XNYS,2020-08-11 00:00:00+00:00
130.67,133.0,130.49,131.79,12144222.0,133.0,130.49,131.79,130.67,12144222.0,DIS,XNYS,2020-08-12 00:00:00+00:00
130.64,132.35,130.45,130.96,6490372.0,132.35,130.45,130.96,130.64,6490372.0,DIS,XNYS,2020-08-13 00:00:00+00:00
130.01,131.08,129.74,130.53,6490383.0,131.08,129.74,130.53,130.01,6490383.0,DIS,XNYS,2020-08-14 00:00:00+00:00
130.1,130.1371,128.54,129.37,7453235.0,130.1371,128.54,129.37,130.1,7453235.0,DIS,XNYS,2020-08-17 00:00:00+00:00
129.44,129.59,128.36,128.92,6587602.0,129.59,128.36,128.92,129.44,6587602.0,DIS,XNYS,2020-08-18 00:00:00+00:00
129.25,130.2166,127.43,127.77,7593653.0,130.2166,127.43,127.77,129.25,7593653.0,DIS,XNYS,2020-08-19 00:00:00+00:00
126.8,128.45,126.53,128.12,4822728.0,128.45,126.53,128.12,126.8,4822728.0,DIS,XNYS,2020-08-20 00:00:00+00:00
127.72,128.31,127.23,127.44,6047558.0,128.31,127.23,127.44,127.72,6047558.0,DIS,XNYS,2020-08-21 00:00:00+00:00
128.15,130.88,127.93,130.69,7553559.0,130.88,127.93,130.69,128.15,7553559.0,DIS,XNYS,2020-08-24 00:00:00+00:00
130.83,131.09,129.31,129.79,5442125.0,131.09,129.31,129.79,130.83,5442125.0,DIS,XNYS,2020-08-25 00:00:00+00:00
130.0,132.6,129.52,132.18,8376284.0,132.6,129.52,132.18,130.0,8376284.0,DIS,XNYS,2020-08-26 00:00:00+00:00
133.0,136.36,132.82,133.73,13639485.0,136.36,132.82,133.73,133.0,13639485.0,DIS,XNYS,2020-08-27 00:00:00+00:00
134.5,136.8,133.5801,135.54,10469552.0,136.8,133.5801,135.54,134.5,10469552.0,DIS,XNYS,2020-08-28 00:00:00+00:00
135.25,135.54,131.25,131.87,11567245.0,135.54,131.25,131.87,135.25,11567245.0,DIS,XNYS,2020-08-31 00:00:00+00:00
131.92,133.61,130.89,133.55,6885289.0,133.61,130.89,133.55,131.92,6885289.0,DIS,XNYS,2020-09-01 00:00:00+00:00
133.63,135.92,133.264,135.39,7984151.0,135.92,133.264,135.39,133.63,7984151.0,DIS,XNYS,2020-09-02 00:00:00+00:00
135.24,137.2374,132.02,133.24,11893135.0,137.2374,132.02,133.24,135.24,11893135.0,DIS,XNYS,2020-09-03 00:00:00+00:00
133.75,134.88,129.42,131.99,11197050.0,134.88,129.42,131.99,133.75,11197050.0,DIS,XNYS,2020-09-04 00:00:00+00:00
131.99,137.14,130.86,134.2,17016378.0,137.14,130.86,134.2,131.99,17016378.0,DIS,XNYS,2020-09-08 00:00:00+00:00
134.28,135.55,132.26,133.36,8891787.0,135.55,132.26,133.36,134.28,8891787.0,DIS,XNYS,2020-09-09 00:00:00+00:00
133.58,136.75,132.74,133.22,9853420.0,136.75,132.74,133.22,133.58,9853420.0,DIS,XNYS,2020-09-10 00:00:00+00:00
133.74,133.74,131.09,131.75,7149086.0,133.74,131.09,131.75,133.74,7149086.0,DIS,XNYS,2020-09-11 00:00:00+00:00
132.53,132.93,130.904,131.25,8230648.0,132.93,130.904,131.25,132.53,8230648.0,DIS,XNYS,2020-09-14 00:00:00+00:00
131.46,132.54,131.005,131.24,7206338.0,132.54,131.005,131.24,131.46,7206338.0,DIS,XNYS,2020-09-15 00:00:00+00:00
132.17,133.62,131.4,132.09,6544431.0,133.62,131.4,132.09,132.17,6544431.0,DIS,XNYS,2020-09-16 00:00:00+00:00
130.55,131.77,128.6,130.22,6509197.0,131.77,128.6,130.22,130.55,6509197.0,DIS,XNYS,2020-09-17 00:00:00+00:00
129.5,130.79,128.1201,128.63,9727278.0,130.79,128.1201,128.63,129.5,9727278.0,DIS,XNYS,2020-09-18 00:00:00+00:00
125.98,126.8858,123.59,125.41,9979993.0,126.8858,123.59,125.41,125.98,9979993.0,DIS,XNYS,2020-09-21 00:00:00+00:00
125.26,127.47,124.7,127.21,6978779.0,127.47,124.7,127.21,125.26,6978779.0,DIS,XNYS,2020-09-22 00:00:00+00:00
127.07,127.3,122.901,123.28,8323568.0,127.3,122.901,123.28,127.07,8323568.0,DIS,XNYS,2020-09-23 00:00:00+00:00
121.93,123.8,120.78,122.49,8479997.0,123.8,120.78,122.49,121.93,8479997.0,DIS,XNYS,2020-09-24 00:00:00+00:00
121.36,124.19,120.98,124.0,6851806.0,124.19,120.98,124.0,121.36,6851806.0,DIS,XNYS,2020-09-25 00:00:00+00:00
125.75,126.86,125.37,125.99,6283678.0,126.86,125.37,125.99,125.75,6283678.0,DIS,XNYS,2020-09-28 00:00:00+00:00
125.92,126.29,123.675,125.4,7432567.0,126.29,123.675,125.4,125.92,7432567.0,DIS,XNYS,2020-09-29 00:00:00+00:00
123.24,125.55,123.24,124.08,13642450.0,125.55,123.24,124.08,123.24,13642450.0,DIS,XNYS,2020-09-30 00:00:00+00:00
124.94,125.47,122.42,123.31,8908316.0,125.47,122.42,123.31,124.94,8908316.0,DIS,XNYS,2020-10-01 00:00:00+00:00
121.99,123.6775,121.69,122.55,6490237.0,123.6775,121.69,122.55,121.99,6490237.0,DIS,XNYS,2020-10-02 00:00:00+00:00
123.26,123.595,122.33,123.37,5919150.0,123.595,122.33,123.37,123.26,5919150.0,DIS,XNYS,2020-10-05 00:00:00+00:00
123.13,124.19,120.61,120.93,9051995.0,124.19,120.61,120.93,123.13,9051995.0,DIS,XNYS,2020-10-06 00:00:00+00:00
121.95,123.3098,120.93,122.91,10187808.0,123.3098,120.93,122.91,121.95,10187808.0,DIS,XNYS,2020-10-07 00:00:00+00:00
123.58,123.75,122.4201,123.09,7404570.0,123.75,122.4201,123.09,123.58,7404570.0,DIS,XNYS,2020-10-08 00:00:00+00:00
123.85,125.5495,123.33,124.98,11502207.0,125.5495,123.33,124.98,123.85,11502207.0,DIS,XNYS,2020-10-09 00:00:00+00:00
124.9,125.94,123.73,124.97,10958228.0,125.94,123.73,124.97,124.9,10958228.0,DIS,XNYS,2020-10-12 00:00:00+00:00
129.8,131.36,127.9,128.96,22388972.0,131.36,127.9,128.96,129.8,22388972.0,DIS,XNYS,2020-10-13 00:00:00+00:00
129.14,129.5,125.29,126.59,11536579.0,129.5,125.29,126.59,129.14,11536579.0,DIS,XNYS,2020-10-14 00:00:00+00:00
125.0,127.4,124.43,127.36,7748617.0,127.4,124.43,127.36,125.0,7748617.0,DIS,XNYS,2020-10-15 00:00:00+00:00
127.81,128.12,126.33,126.81,6295112.0,128.12,126.33,126.81,127.81,6295112.0,DIS,XNYS,2020-10-16 00:00:00+00:00
127.37,127.4,123.71,124.23,6576923.0,127.4,123.71,124.23,127.37,6576923.0,DIS,XNYS,2020-10-19 00:00:00+00:00
124.58,125.73,123.64,124.95,6166070.0,125.73,123.64,124.95,124.58,6166070.0,DIS,XNYS,2020-10-20 00:00:00+00:00
124.36,127.56,123.835,126.63,6591520.0,127.56,123.835,126.63,124.36,6591520.0,DIS,XNYS,2020-10-21 00:00:00+00:00
126.67,128.1,125.97,127.56,5180071.0,128.1,125.97,127.56,126.67,5180071.0,DIS,XNYS,2020-10-22 00:00:00+00:00
128.1,128.5,126.35,128.35,5439906.0,128.5,126.35,128.35,128.1,5439906.0,DIS,XNYS,2020-10-23 00:00:00+00:00
127.11,127.11,122.95,124.06,8578901.0,127.11,122.95,124.06,127.11,8578901.0,DIS,XNYS,2020-10-26 00:00:00+00:00
124.03,124.61,123.03,123.31,6813840.0,124.61,123.03,123.31,124.03,6813840.0,DIS,XNYS,2020-10-27 00:00:00+00:00
121.01,121.53,118.32,118.47,11654677.0,121.53,118.32,118.47,121.01,11654677.0,DIS,XNYS,2020-10-28 00:00:00+00:00
118.16,122.63,117.23,121.54,9583749.0,122.63,117.23,121.54,118.16,9583749.0,DIS,XNYS,2020-10-29 00:00:00+00:00
120.64,121.75,119.0881,121.25,8098891.0,121.75,119.0881,121.25,120.64,8098891.0,DIS,XNYS,2020-10-30 00:00:00+00:00
122.24,122.93,119.81,120.13,9186007.0,122.93,119.81,120.13,122.24,9186007.0,DIS,XNYS,2020-11-02 00:00:00+00:00
121.605,125.07,121.37,124.02,8144940.0,125.07,121.37,124.02,121.605,8144940.0,DIS,XNYS,2020-11-03 00:00:00+00:00
123.58,126.86,123.41,125.07,7483043.0,126.86,123.41,125.07,123.58,7483043.0,DIS,XNYS,2020-11-04 00:00:00+00:00
126.78,128.62,125.8,126.96,7654761.0,128.62,125.8,126.96,126.78,7654761.0,DIS,XNYS,2020-11-05 00:00:00+00:00
126.255,128.04,124.6147,127.46,6259697.0,128.04,124.6147,127.46,126.255,6259697.0,DIS,XNYS,2020-11-06 00:00:00+00:00
140.26,147.68,138.065,142.59,35634684.0,147.68,138.065,142.59,140.26,35634684.0,DIS,XNYS,2020-11-09 00:00:00+00:00
139.97,142.37,137.67,142.11,18115410.0,142.37,137.67,142.11,139.97,18115410.0,DIS,XNYS,2020-11-10 00:00:00+00:00
141.47,142.0,136.62,137.82,9600863.0,142.0,136.62,137.82,141.47,9600863.0,DIS,XNYS,2020-11-11 00:00:00+00:00
136.34,138.49,134.105,135.52,13893301.0,138.49,134.105,135.52,136.34,13893301.0,DIS,XNYS,2020-11-12 00:00:00+00:00
140.9,141.19,136.52,138.36,21074457.0,141.19,136.52,138.36,140.9,21074457.0,DIS,XNYS,2020-11-13 00:00:00+00:00
141.57,144.74,141.57,144.67,16382489.0,144.74,141.57,144.67,141.57,16382489.0,DIS,XNYS,2020-11-16 00:00:00+00:00
144.4,144.83,142.56,144.5,9354936.0,144.83,142.56,144.5,144.4,9354936.0,DIS,XNYS,2020-11-17 00:00:00+00:00
144.5,145.48,143.35,143.9,9456229.0,145.48,143.35,143.9,144.5,9456229.0,DIS,XNYS,2020-11-18 00:00:00+00:00
142.57,143.2996,141.7,141.72,8892462.0,143.2996,141.7,141.72,142.57,8892462.0,DIS,XNYS,2020-11-19 00:00:00+00:00
141.71,142.61,140.86,141.07,8485920.0,142.61,140.86,141.07,141.71,8485920.0,DIS,XNYS,2020-11-20 00:00:00+00:00
142.45,147.75,141.7,145.98,12887045.0,147.75,141.7,145.98,142.45,12887045.0,DIS,XNYS,2020-11-23 00:00:00+00:00
148.16,151.86,147.849,151.49,16248050.0,151.86,147.849,151.49,148.16,16248050.0,DIS,XNYS,2020-11-24 00:00:00+00:00
150.27,150.27,147.235,149.09,9551978.0,150.27,147.235,149.09,150.27,9551978.0,DIS,XNYS,2020-11-25 00:00:00+00:00
149.0,150.3499,146.53,147.13,5306365.0,150.3499,146.53,147.13,149.0,5306365.0,DIS,XNYS,2020-11-27 00:00:00+00:00
147.06,148.69,146.29,148.01,9710134.0,148.69,146.29,148.01,147.06,9710134.0,DIS,XNYS,2020-11-30 00:00:00+00:00
149.57,151.4,149.0,149.44,8678988.0,151.4,149.0,149.44,149.57,8678988.0,DIS,XNYS,2020-12-01 00:00:00+00:00
149.49,154.01,148.34,153.61,10601879.0,154.01,148.34,153.61,149.49,10601879.0,DIS,XNYS,2020-12-02 00:00:00+00:00
260.185,265.915,255.13,256.13,28238283.0,265.915,255.13,256.13,260.185,28238283.0,FB,XNAS,2020-08-11 00:00:00+00:00
258.97,263.8973,258.1125,259.89,21428329.0,263.8973,258.1125,259.89,258.97,21428329.0,FB,XNAS,2020-08-12 00:00:00+00:00
261.55,265.16,259.57,261.3,17373970.0,265.16,259.57,261.3,261.55,17373970.0,FB,XNAS,2020-08-13 00:00:00+00:00
262.305,262.65,258.6801,261.24,14792708.0,262.65,258.6801,261.24,262.305,14792708.0,FB,XNAS,2020-08-14 00:00:00+00:00
262.5,264.0973,259.4,261.16,13303174.0,264.0973,259.4,261.16,262.5,13303174.0,FB,XNAS,2020-08-17 00:00:00+00:00
260.95,265.15,259.26,262.34,18690383.0,265.15,259.26,262.34,260.95,18690383.0,FB,XNAS,2020-08-18 00:00:00+00:00
261.388,267.908,261.35,262.59,23291463.0,267.908,261.35,262.59,261.388,23291463.0,FB,XNAS,2020-08-19 00:00:00+00:00
261.5,269.63,261.46,269.01,20299688.0,269.63,261.46,269.01,261.5,20299688.0,FB,XNAS,2020-08-20 00:00:00+00:00
268.69,270.49,266.42,267.01,15538615.0,270.49,266.42,267.01,268.69,15538615.0,FB,XNAS,2020-08-21 00:00:00+00:00
271.07,277.2478,268.7701,271.39,23685603.0,277.2478,268.7701,271.39,271.07,23685603.0,FB,XNAS,2020-08-24 00:00:00+00:00
272.41,283.09,270.2601,280.82,42127240.0,283.09,270.2601,280.82,272.41,42127240.0,FB,XNAS,2020-08-25 00:00:00+00:00
284.0,304.67,284.0,303.91,69015151.0,304.67,284.0,303.91,284.0,69015151.0,FB,XNAS,2020-08-26 00:00:00+00:00
300.16,301.23,292.02,293.22,30301309.0,301.23,292.02,293.22,300.16,30301309.0,FB,XNAS,2020-08-27 00:00:00+00:00
295.0,297.23,290.98,293.66,17172415.0,297.23,290.98,293.66,295.0,17172415.0,FB,XNAS,2020-08-28 00:00:00+00:00
293.95,296.88,291.55,293.2,17345134.0,296.88,291.55,293.2,293.95,17345134.0,FB,XNAS,2020-08-31 00:00:00+00:00
294.71,301.49,292.71,295.44,17320872.0,301.49,292.71,295.44,294.71,17320872.0,FB,XNAS,2020-09-01 00:00:00+00:00
298.88,303.6,293.05,302.5,24341369.0,303.6,293.05,302.5,298.88,24341369.0,FB,XNAS,2020-09-02 00:00:00+00:00
295.99,297.6,283.63,291.12,32294092.0,297.6,283.63,291.12,295.99,32294092.0,FB,XNAS,2020-09-03 00:00:00+00:00
287.25,289.0,271.14,282.73,30333671.0,289.0,271.14,282.73,287.25,30333671.0,FB,XNAS,2020-09-04 00:00:00+00:00
271.28,279.3,269.42,271.16,24863997.0,279.3,269.42,271.16,271.28,24863997.0,FB,XNAS,2020-09-08 00:00:00+00:00
275.77,278.48,271.35,273.72,22918769.0,278.48,271.35,273.72,275.77,22918769.0,FB,XNAS,2020-09-09 00:00:00+00:00
275.51,279.16,267.0319,268.09,24814669.0,279.16,267.0319,268.09,275.51,24814669.0,FB,XNAS,2020-09-10 00:00:00+00:00
270.06,271.39,262.64,266.61,18913883.0,271.39,262.64,266.61,270.06,18913883.0,FB,XNAS,2020-09-11 00:00:00+00:00
270.95,276.64,265.7,266.15,24093830.0,276.64,265.7,266.15,270.95,24093830.0,FB,XNAS,2020-09-14 00:00:00+00:00
270.67,274.52,269.3,272.42,18478530.0,274.52,269.3,272.42,270.67,18478530.0,FB,XNAS,2020-09-15 00:00:00+00:00
267.29,272.44,261.79,263.52,29207594.0,272.44,261.79,263.52,267.29,29207594.0,FB,XNAS,2020-09-16 00:00:00+00:00
258.28,261.5,250.19,254.82,31281441.0,261.5,250.19,254.82,258.28,31281441.0,FB,XNAS,2020-09-17 00:00:00+00:00
258.405,259.2,250.05,252.53,28130767.0,259.2,250.05,252.53,258.405,28130767.0,FB,XNAS,2020-09-18 00:00:00+00:00
247.54,249.95,244.13,248.15,24709378.0,249.95,244.13,248.15,247.54,24709378.0,FB,XNAS,2020-09-21 00:00:00+00:00
253.31,255.32,248.22,254.75,30293103.0,255.32,248.22,254.75,253.31,30293103.0,FB,XNAS,2020-09-22 00:00:00+00:00
255.26,257.9921,248.15,249.02,19641266.0,257.9921,248.15,249.02,255.26,19641266.0,FB,XNAS,2020-09-23 00:00:00+00:00
246.5,252.24,245.62,249.53,20006750.0,252.24,245.62,249.53,246.5,20006750.0,FB,XNAS,2020-09-24 00:00:00+00:00
249.4,255.75,246.61,254.82,18351311.0,255.75,246.61,254.82,249.4,18351311.0,FB,XNAS,2020-09-25 00:00:00+00:00
259.4,259.6,254.8208,256.82,18826254.0,259.6,254.8208,256.82,259.4,18826254.0,FB,XNAS,2020-09-28 00:00:00+00:00
257.81,263.33,256.9,261.79,20215504.0,263.33,256.9,261.79,257.81,20215504.0,FB,XNAS,2020-09-29 00:00:00+00:00
261.98,266.085,260.1,261.9,20142546.0,266.085,260.1,261.9,261.98,20142546.0,FB,XNAS,2020-09-30 00:00:00+00:00
265.35,268.33,264.8,266.63,20009801.0,268.33,264.8,266.63,265.35,20009801.0,FB,XNAS,2020-10-01 00:00:00+00:00
261.21,265.15,259.18,259.94,16367597.0,265.15,259.18,259.94,261.21,16367597.0,FB,XNAS,2020-10-02 00:00:00+00:00
262.2,264.865,260.8401,264.65,12822252.0,264.865,260.8401,264.65,262.2,12822252.0,FB,XNAS,2020-10-05 00:00:00+00:00
261.78,265.69,258.24,258.66,18696917.0,265.69,258.24,258.66,261.78,18696917.0,FB,XNAS,2020-10-06 00:00:00+00:00
259.21,260.18,254.82,258.12,23133417.0,260.18,254.82,258.12,259.21,23133417.0,FB,XNAS,2020-10-07 00:00:00+00:00
259.75,264.62,259.1488,263.76,16312762.0,264.62,259.1488,263.76,259.75,16312762.0,FB,XNAS,2020-10-08 00:00:00+00:00
264.52,264.75,262.17,264.45,14107803.0,264.75,262.17,264.45,264.52,14107803.0,FB,XNAS,2020-10-09 00:00:00+00:00
270.2,280.18,267.87,275.75,31019256.0,280.18,267.87,275.75,270.2,31019256.0,FB,XNAS,2020-10-12 00:00:00+00:00
277.58,279.1,273.39,276.14,18063343.0,279.1,273.39,276.14,277.58,18063343.0,FB,XNAS,2020-10-13 00:00:00+00:00
277.62,278.75,271.5,271.82,15601154.0,278.75,271.5,271.82,277.62,15601154.0,FB,XNAS,2020-10-14 00:00:00+00:00
267.6,269.04,263.67,266.72,15416064.0,269.04,263.67,266.72,267.6,15416064.0,FB,XNAS,2020-10-15 00:00:00+00:00
267.375,271.37,265.3,265.93,16622702.0,271.37,265.3,265.93,267.375,16622702.0,FB,XNAS,2020-10-16 00:00:00+00:00
265.53,268.55,259.88,261.4,13586955.0,268.55,259.88,261.4,265.53,13586955.0,FB,XNAS,2020-10-19 00:00:00+00:00
263.06,269.7,262.88,267.56,18763246.0,269.7,262.88,267.56,263.06,18763246.0,FB,XNAS,2020-10-20 00:00:00+00:00
279.56,283.05,276.37,278.73,28998638.0,283.05,276.37,278.73,279.56,28998638.0,FB,XNAS,2020-10-21 00:00:00+00:00
279.87,282.45,275.04,278.12,16720026.0,282.45,275.04,278.12,279.87,16720026.0,FB,XNAS,2020-10-22 00:00:00+00:00
278.8024,285.24,276.82,284.79,17535155.0,285.24,276.82,284.79,278.8024,17535155.0,FB,XNAS,2020-10-23 00:00:00+00:00
283.16,285.23,274.26,277.11,21322925.0,285.23,274.26,277.11,283.16,21322925.0,FB,XNAS,2020-10-26 00:00:00+00:00
278.76,284.51,276.31,283.29,16287249.0,284.51,276.31,283.29,278.76,16287249.0,FB,XNAS,2020-10-27 00:00:00+00:00
278.79,278.79,267.26,267.67,23121808.0,278.79,267.26,267.67,278.79,23121808.0,FB,XNAS,2020-10-28 00:00:00+00:00
276.55,283.6,273.78,280.83,32368118.0,283.6,273.78,280.83,276.55,32368118.0,FB,XNAS,2020-10-29 00:00:00+00:00
274.5,276.7,259.1,263.11,47299002.0,276.7,259.1,263.11,274.5,47299002.0,FB,XNAS,2020-10-30 00:00:00+00:00
264.6,270.47,257.34,261.36,27165679.0,270.47,257.34,261.36,264.6,27165679.0,FB,XNAS,2020-11-02 00:00:00+00:00
263.16,270.05,260.88,265.3,17961859.0,270.05,260.88,265.3,263.16,17961859.0,FB,XNAS,2020-11-03 00:00:00+00:00
281.0,288.94,278.62,287.38,35364424.0,288.94,278.62,287.38,281.0,35364424.0,FB,XNAS,2020-11-04 00:00:00+00:00
291.8965,297.38,288.95,294.68,23823633.0,297.38,288.95,294.68,291.8965,23823633.0,FB,XNAS,2020-11-05 00:00:00+00:00
293.95,294.6,288.06,293.41,13890974.0,294.6,288.06,293.41,293.95,13890974.0,FB,XNAS,2020-11-06 00:00:00+00:00
289.87,292.58,278.53,278.77,25117650.0,292.58,278.53,278.77,289.87,25117650.0,FB,XNAS,2020-11-09 00:00:00+00:00
273.1,274.0,264.0,272.43,29067691.0,274.0,264.0,272.43,273.1,29067691.0,FB,XNAS,2020-11-10 00:00:00+00:00
273.47,278.4,272.48,276.48,14956950.0,278.4,272.48,276.48,273.47,14956950.0,FB,XNAS,2020-11-11 00:00:00+00:00
277.18,279.75,274.43,275.08,12914206.0,279.75,274.43,275.08,277.18,12914206.0,FB,XNAS,2020-11-12 00:00:00+00:00
277.72,277.76,273.1,276.95,10400101.0,277.76,273.1,276.95,277.72,10400101.0,FB,XNAS,2020-11-13 00:00:00+00:00
275.05,279.41,274.63,278.96,12970352.0,279.41,274.63,278.96,275.05,12970352.0,FB,XNAS,2020-11-16 00:00:00+00:00
277.68,277.68,273.29,275.0,15040297.0,277.68,273.29,275.0,277.68,15040297.0,FB,XNAS,2020-11-17 00:00:00+00:00
274.52,277.3889,271.84,271.97,12152945.0,277.3889,271.84,271.97,274.52,12152945.0,FB,XNAS,2020-11-18 00:00:00+00:00
271.025,273.47,269.19,272.94,12963658.0,273.47,269.19,272.94,271.025,12963658.0,FB,XNAS,2020-11-19 00:00:00+00:00
272.56,273.0,269.41,269.7,18122412.0,273.0,269.41,269.7,272.56,18122412.0,FB,XNAS,2020-11-20 00:00:00+00:00
270.89,270.9471,264.53,268.43,20990786.0,270.9471,264.53,268.43,270.89,20990786.0,FB,XNAS,2020-11-23 00:00:00+00:00
268.49,277.8199,267.87,276.92,16852501.0,277.8199,267.87,276.92,268.49,16852501.0,FB,XNAS,2020-11-24 00:00:00+00:00
278.14,280.18,272.65,275.59,12467009.0,280.18,272.65,275.59,278.14,12467009.0,FB,XNAS,2020-11-25 00:00:00+00:00
277.39,279.13,274.82,277.81,7808426.0,279.13,274.82,277.81,277.39,7808426.0,FB,XNAS,2020-11-27 00:00:00+00:00
276.03,277.7,271.01,276.97,16693336.0,277.7,271.01,276.97,276.03,16693336.0,FB,XNAS,2020-11-30 00:00:00+00:00
279.16,289.3,278.96,286.55,20602115.0,289.3,278.96,286.55,279.16,20602115.0,FB,XNAS,2020-12-01 00:00:00+00:00
285.36,291.78,280.825,287.52,17361624.0,291.78,280.825,287.52,285.36,17361624.0,FB,XNAS,2020-12-02 00:00:00+00:00
1494.0,1510.44,1478.19,1480.54,1554853.0,1510.44,1478.19,1480.54,1494.0,1554853.0,GOOGL,XNAS,2020-08-11 00:00:00+00:00
1487.1245,1511.67,1485.0,1507.24,1126560.0,1511.67,1485.0,1507.24,1487.1245,1126560.0,GOOGL,XNAS,2020-08-12 00:00:00+00:00
1508.21,1536.9744,1508.21,1516.65,1119711.0,1536.9744,1508.21,1516.65,1508.21,1119711.0,GOOGL,XNAS,2020-08-13 00:00:00+00:00
1513.61,1519.785,1499.0,1504.63,1097059.0,1519.785,1499.0,1504.63,1513.61,1097059.0,GOOGL,XNAS,2020-08-14 00:00:00+00:00
1515.97,1523.78,1505.0,1516.24,998010.0,1523.78,1505.0,1516.24,1515.97,998010.0,GOOGL,XNAS,2020-08-17 00:00:00+00:00
1526.12,1557.37,1521.665,1555.78,1418850.0,1557.37,1521.665,1555.78,1526.12,1418850.0,GOOGL,XNAS,2020-08-18 00:00:00+00:00
1552.49,1568.86,1540.0,1544.61,1523592.0,1568.86,1540.0,1544.61,1552.49,1523592.0,GOOGL,XNAS,2020-08-19 00:00:00+00:00
1539.97,1580.17,1534.46,1576.25,1319131.0,1580.17,1534.46,1576.25,1539.97,1319131.0,GOOGL,XNAS,2020-08-20 00:00:00+00:00
1571.8,1591.88,1562.31,1575.57,1742275.0,1591.88,1562.31,1575.57,1571.8,1742275.0,GOOGL,XNAS,2020-08-21 00:00:00+00:00
1592.47,1608.78,1575.04,1585.15,1281893.0,1608.78,1575.04,1585.15,1592.47,1281893.0,GOOGL,XNAS,2020-08-24 00:00:00+00:00
1580.1,1608.88,1577.88,1605.85,1257463.0,1608.88,1577.88,1605.85,1580.1,1257463.0,GOOGL,XNAS,2020-08-25 00:00:00+00:00
1606.3,1652.79,1600.9754,1644.13,2609363.0,1652.79,1600.9754,1644.13,1606.3,2609363.0,GOOGL,XNAS,2020-08-26 00:00:00+00:00
1646.61,1647.99,1618.8137,1628.52,1567503.0,1647.99,1618.8137,1628.52,1646.61,1567503.0,GOOGL,XNAS,2020-08-27 00:00:00+00:00
1629.47,1641.35,1625.605,1639.43,1121195.0,1641.35,1625.605,1639.43,1629.47,1121195.0,GOOGL,XNAS,2020-08-28 00:00:00+00:00
1643.57,1644.5,1625.33,1629.53,1321097.0,1644.5,1625.33,1629.53,1643.57,1321097.0,GOOGL,XNAS,2020-08-31 00:00:00+00:00
1632.16,1659.22,1629.53,1655.08,1133766.0,1659.22,1629.53,1655.08,1632.16,1133766.0,GOOGL,XNAS,2020-09-01 00:00:00+00:00
1668.01,1726.1022,1660.19,1717.39,2476072.0,1726.1022,1660.19,1717.39,1668.01,2476072.0,GOOGL,XNAS,2020-09-02 00:00:00+00:00
1699.52,1700.0,1607.71,1629.51,3186287.0,1700.0,1607.71,1629.51,1699.52,3186287.0,GOOGL,XNAS,2020-09-03 00:00:00+00:00
1609.0,1634.99,1537.9701,1581.21,2792533.0,1634.99,1537.9701,1581.21,1609.0,2792533.0,GOOGL,XNAS,2020-09-04 00:00:00+00:00
1525.0,1555.55,1516.5,1523.6,2701586.0,1555.55,1516.5,1523.6,1525.0,2701586.0,GOOGL,XNAS,2020-09-08 00:00:00+00:00
1548.9,1558.72,1525.17,1547.23,1962078.0,1558.72,1525.17,1547.23,1548.9,1962078.0,GOOGL,XNAS,2020-09-09 00:00:00+00:00
1550.18,1573.66,1520.0,1526.05,1651194.0,1573.66,1520.0,1526.05,1550.18,1651194.0,GOOGL,XNAS,2020-09-10 00:00:00+00:00
1528.15,1538.695,1493.02,1515.76,1535337.0,1538.695,1493.02,1515.76,1528.15,1535337.0,GOOGL,XNAS,2020-09-11 00:00:00+00:00
1531.6471,1557.0,1505.11,1508.83,2133007.0,1557.0,1505.11,1508.83,1531.6471,2133007.0,GOOGL,XNAS,2020-09-14 00:00:00+00:00
1527.89,1550.99,1522.1,1535.12,1152055.0,1550.99,1522.1,1535.12,1527.89,1152055.0,GOOGL,XNAS,2020-09-15 00:00:00+00:00
1542.48,1554.37,1511.59,1512.09,1107169.0,1554.37,1511.59,1512.09,1542.48,1107169.0,GOOGL,XNAS,2020-09-16 00:00:00+00:00
1485.81,1498.66,1462.46,1487.04,2000356.0,1498.66,1462.46,1487.04,1485.81,2000356.0,GOOGL,XNAS,2020-09-17 00:00:00+00:00
1488.3,1495.2,1431.62,1451.09,3152788.0,1495.2,1431.62,1451.09,1488.3,3152788.0,GOOGL,XNAS,2020-09-18 00:00:00+00:00
1431.62,1440.06,1402.68,1430.14,2845405.0,1440.06,1402.68,1430.14,1431.62,2845405.0,GOOGL,XNAS,2020-09-21 00:00:00+00:00
1450.32,1463.97,1429.495,1459.82,1697542.0,1463.97,1429.495,1459.82,1450.32,1697542.0,GOOGL,XNAS,2020-09-22 00:00:00+00:00
1452.09,1453.08,1402.68,1409.39,1886299.0,1453.08,1402.68,1409.39,1452.09,1886299.0,GOOGL,XNAS,2020-09-23 00:00:00+00:00
1402.68,1437.99,1402.15,1422.86,1727611.0,1437.99,1402.15,1422.86,1402.68,1727611.0,GOOGL,XNAS,2020-09-24 00:00:00+00:00
1425.05,1445.94,1407.68,1439.06,1516677.0,1445.94,1407.68,1439.06,1425.05,1516677.0,GOOGL,XNAS,2020-09-25 00:00:00+00:00
1471.99,1472.99,1446.28,1458.66,1539236.0,1472.99,1446.28,1458.66,1471.99,1539236.0,GOOGL,XNAS,2020-09-28 00:00:00+00:00
1463.91,1472.0,1454.0,1466.02,1591112.0,1472.0,1454.0,1466.02,1463.91,1591112.0,GOOGL,XNAS,2020-09-29 00:00:00+00:00
1460.935,1486.1975,1455.755,1465.6,2046170.0,1486.1975,1455.755,1465.6,1460.935,2046170.0,GOOGL,XNAS,2020-09-30 00:00:00+00:00
1483.6608,1495.07,1476.8,1487.9,1644221.0,1495.07,1476.8,1487.9,1483.6608,1644221.0,GOOGL,XNAS,2020-10-01 00:00:00+00:00
1459.63,1479.03,1447.35,1455.6,1561132.0,1479.03,1447.35,1455.6,1459.63,1561132.0,GOOGL,XNAS,2020-10-02 00:00:00+00:00
1462.65,1484.7,1460.09,1482.83,1080058.0,1484.7,1460.09,1482.83,1462.65,1080058.0,GOOGL,XNAS,2020-10-05 00:00:00+00:00
1475.5,1484.52,1445.01,1451.02,1304752.0,1484.52,1445.01,1451.02,1475.5,1304752.0,GOOGL,XNAS,2020-10-06 00:00:00+00:00
1459.31,1468.97,1433.23,1459.14,1805448.0,1468.97,1433.23,1459.14,1459.31,1805448.0,GOOGL,XNAS,2020-10-07 00:00:00+00:00
1465.45,1488.0275,1465.45,1483.43,1303802.0,1488.0275,1465.45,1483.43,1465.45,1303802.0,GOOGL,XNAS,2020-10-08 00:00:00+00:00
1492.86,1511.85,1487.0,1510.45,1648340.0,1511.85,1487.0,1510.45,1492.86,1648340.0,GOOGL,XNAS,2020-10-09 00:00:00+00:00
1538.0,1588.42,1529.3,1564.59,2767164.0,1588.42,1529.3,1564.59,1538.0,2767164.0,GOOGL,XNAS,2020-10-12 00:00:00+00:00
1577.01,1585.16,1558.63,1567.07,1953609.0,1585.16,1558.63,1567.07,1577.01,1953609.0,GOOGL,XNAS,2020-10-13 00:00:00+00:00
1574.6,1583.85,1545.895,1563.44,1659228.0,1583.85,1545.895,1563.44,1574.6,1659228.0,GOOGL,XNAS,2020-10-14 00:00:00+00:00
1544.5,1571.395,1541.1301,1555.47,1561485.0,1571.395,1541.1301,1555.47,1544.5,1561485.0,GOOGL,XNAS,2020-10-15 00:00:00+00:00
1561.83,1577.71,1557.66,1567.7,1710325.0,1577.71,1557.66,1567.7,1561.83,1710325.0,GOOGL,XNAS,2020-10-16 00:00:00+00:00
1575.93,1583.925,1522.92,1529.95,1486652.0,1583.925,1522.92,1529.95,1575.93,1486652.0,GOOGL,XNAS,2020-10-19 00:00:00+00:00
1523.11,1573.84,1520.5,1551.08,2085915.0,1573.84,1520.5,1551.08,1523.11,2085915.0,GOOGL,XNAS,2020-10-20 00:00:00+00:00
1569.85,1615.14,1567.135,1585.99,3016053.0,1615.14,1567.135,1585.99,1569.85,3016053.0,GOOGL,XNAS,2020-10-21 00:00:00+00:00
1585.0,1613.42,1577.48,1606.66,1525773.0,1613.42,1577.48,1606.66,1585.0,1525773.0,GOOGL,XNAS,2020-10-22 00:00:00+00:00
1615.05,1634.12,1611.91,1632.98,1527402.0,1634.12,1611.91,1632.98,1615.05,1527402.0,GOOGL,XNAS,2020-10-23 00:00:00+00:00
1615.0,1629.58,1567.78,1584.29,1791317.0,1629.58,1567.78,1584.29,1615.0,1791317.0,GOOGL,XNAS,2020-10-26 00:00:00+00:00
1588.9319,1602.0,1576.99,1598.88,1295138.0,1602.0,1576.99,1598.88,1588.9319,1295138.0,GOOGL,XNAS,2020-10-27 00:00:00+00:00
1550.01,1553.81,1508.48,1510.8,2258675.0,1553.81,1508.48,1510.8,1550.01,2258675.0,GOOGL,XNAS,2020-10-28 00:00:00+00:00
1517.02,1588.735,1516.55,1556.88,2770343.0,1588.735,1516.55,1556.88,1517.02,2770343.0,GOOGL,XNAS,2020-10-29 00:00:00+00:00
1667.44,1681.315,1601.57,1616.11,4996197.0,1681.315,1601.57,1616.11,1667.44,4996197.0,GOOGL,XNAS,2020-10-30 00:00:00+00:00
1623.54,1658.24,1614.24,1624.32,2211449.0,1658.24,1614.24,1624.32,1623.54,2211449.0,GOOGL,XNAS,2020-11-02 00:00:00+00:00
1630.76,1659.0,1612.108,1645.66,1571641.0,1659.0,1612.108,1645.66,1630.76,1571641.0,GOOGL,XNAS,2020-11-03 00:00:00+00:00
1705.5803,1770.03,1703.0,1745.85,3567149.0,1770.03,1703.0,1745.85,1705.5803,3567149.0,GOOGL,XNAS,2020-11-04 00:00:00+00:00
1770.45,1791.818,1741.03,1762.5,1987907.0,1791.818,1741.03,1762.5,1770.45,1987907.0,GOOGL,XNAS,2020-11-05 00:00:00+00:00
1751.34,1768.495,1736.68,1759.73,1431084.0,1768.495,1736.68,1759.73,1751.34,1431084.0,GOOGL,XNAS,2020-11-06 00:00:00+00:00
1795.98,1816.89,1757.545,1761.42,2672024.0,1816.89,1757.545,1761.42,1795.98,2672024.0,GOOGL,XNAS,2020-11-09 00:00:00+00:00
1729.77,1759.38,1716.12,1737.72,2151058.0,1759.38,1716.12,1737.72,1729.77,2151058.0,GOOGL,XNAS,2020-11-10 00:00:00+00:00
1748.4,1762.9,1743.06,1747.23,1591906.0,1762.9,1743.06,1747.23,1748.4,1591906.0,GOOGL,XNAS,2020-11-11 00:00:00+00:00
1742.0,1764.98,1737.97,1742.82,1324363.0,1764.98,1737.97,1742.82,1742.0,1324363.0,GOOGL,XNAS,2020-11-12 00:00:00+00:00
1748.0,1777.13,1735.98,1772.26,1487877.0,1777.13,1735.98,1772.26,1748.0,1487877.0,GOOGL,XNAS,2020-11-13 00:00:00+00:00
1764.14,1794.34,1761.33,1774.03,1273393.0,1794.34,1761.33,1774.03,1764.14,1273393.0,GOOGL,XNAS,2020-11-16 00:00:00+00:00
1767.86,1777.14,1759.49,1761.66,1066034.0,1777.14,1759.49,1761.66,1767.86,1066034.0,GOOGL,XNAS,2020-11-17 00:00:00+00:00
1756.64,1765.0,1738.5658,1740.64,1005377.0,1765.0,1738.5658,1740.64,1756.64,1005377.0,GOOGL,XNAS,2020-11-18 00:00:00+00:00
1733.23,1763.49,1730.02,1758.57,1005340.0,1763.49,1730.02,1758.57,1733.23,1005340.0,GOOGL,XNAS,2020-11-19 00:00:00+00:00
1762.0,1768.3625,1735.0,1736.38,1385322.0,1768.3625,1735.0,1736.38,1762.0,1385322.0,GOOGL,XNAS,2020-11-20 00:00:00+00:00
1740.22,1745.99,1710.18,1727.56,1127618.0,1745.99,1710.18,1727.56,1740.22,1127618.0,GOOGL,XNAS,2020-11-23 00:00:00+00:00
1727.5,1766.475,1720.73,1763.9,1360436.0,1766.475,1720.73,1763.9,1727.5,1360436.0,GOOGL,XNAS,2020-11-24 00:00:00+00:00
1767.81,1770.38,1748.36,1764.13,979957.0,1770.38,1748.36,1764.13,1767.81,979957.0,GOOGL,XNAS,2020-11-25 00:00:00+00:00
1764.54,1797.01,1764.54,1787.02,739507.0,1797.01,1764.54,1787.02,1764.54,739507.0,GOOGL,XNAS,2020-11-27 00:00:00+00:00
1775.65,1780.335,1747.84,1754.4,1620887.0,1780.335,1747.84,1754.4,1775.65,1620887.0,GOOGL,XNAS,2020-11-30 00:00:00+00:00
1766.655,1821.7199,1763.03,1795.36,1861965.0,1821.7199,1763.03,1795.36,1766.655,1861965.0,GOOGL,XNAS,2020-12-01 00:00:00+00:00
1795.36,1832.74,1785.1695,1824.97,1471235.0,1832.74,1785.1695,1824.97,1795.36,1471235.0,GOOGL,XNAS,2020-12-02 00:00:00+00:00
149.14,149.23,146.37,146.97,6369326.0,149.23,146.37,146.97,149.14,6369326.0,JNJ,XNYS,2020-08-11 00:00:00+00:00
147.54,150.24,147.49,149.66,5220472.0,150.24,147.49,149.66,147.54,5220472.0,JNJ,XNYS,2020-08-12 00:00:00+00:00
148.54,149.19,147.53,148.0,5135966.0,149.19,147.53,148.0,148.54,5135966.0,JNJ,XNYS,2020-08-13 00:00:00+00:00
147.61,149.34,147.58,148.24,4176573.0,149.34,147.58,148.24,147.61,4176573.0,JNJ,XNYS,2020-08-14 00:00:00+00:00
148.32,150.23,148.23,148.99,4161971.0,150.23,148.23,148.99,148.32,4161971.0,JNJ,XNYS,2020-08-17 00:00:00+00:00
149.26,150.1,148.57,150.09,4281544.0,150.1,148.57,150.09,149.26,4281544.0,JNJ,XNYS,2020-08-18 00:00:00+00:00
149.58,151.58,149.32,150.39,7611606.0,151.58,149.32,150.39,149.58,7611606.0,JNJ,XNYS,2020-08-19 00:00:00+00:00
149.75,151.58,149.5457,151.42,4841579.0,151.58,149.5457,151.42,149.75,4841579.0,JNJ,XNYS,2020-08-20 00:00:00+00:00
151.78,153.65,150.5901,152.76,6680680.0,153.65,150.5901,152.76,151.78,6680680.0,JNJ,XNYS,2020-08-21 00:00:00+00:00
152.74,152.9,150.35,152.15,5336847.0,152.9,150.35,152.15,152.74,5336847.0,JNJ,XNYS,2020-08-24 00:00:00+00:00
152.78,153.07,151.535,152.06,3850171.0,153.07,151.535,152.06,152.78,3850171.0,JNJ,XNYS,2020-08-25 00:00:00+00:00
151.86,152.65,150.64,152.3,7967911.0,152.65,150.64,152.3,151.86,7967911.0,JNJ,XNYS,2020-08-26 00:00:00+00:00
152.42,153.26,151.89,152.98,5420263.0,153.26,151.89,152.98,152.42,5420263.0,JNJ,XNYS,2020-08-27 00:00:00+00:00
152.74,153.7,151.9,153.64,5287102.0,153.7,151.9,153.64,152.74,5287102.0,JNJ,XNYS,2020-08-28 00:00:00+00:00
153.0,154.4,152.2605,153.41,6325901.0,154.4,152.2605,153.41,153.0,6325901.0,JNJ,XNYS,2020-08-31 00:00:00+00:00
153.87,154.08,150.07,151.52,6288679.0,154.08,150.07,151.52,153.87,6288679.0,JNJ,XNYS,2020-09-01 00:00:00+00:00
150.79,154.33,149.245,153.83,6841812.0,154.33,149.245,153.83,150.79,6841812.0,JNJ,XNYS,2020-09-02 00:00:00+00:00
154.83,155.47,148.3,149.55,8587698.0,155.47,148.3,149.55,154.83,8587698.0,JNJ,XNYS,2020-09-03 00:00:00+00:00
150.17,150.95,147.13,148.59,7091629.0,150.95,147.13,148.59,150.17,7091629.0,JNJ,XNYS,2020-09-04 00:00:00+00:00
150.25,150.89,146.9,147.26,8691585.0,150.89,146.9,147.26,150.25,8691585.0,JNJ,XNYS,2020-09-08 00:00:00+00:00
148.15,151.1,148.12,149.7,6960668.0,151.1,148.12,149.7,148.15,6960668.0,JNJ,XNYS,2020-09-09 00:00:00+00:00
149.25,149.78,146.52,146.91,6191800.0,149.78,146.52,146.91,149.25,6191800.0,JNJ,XNYS,2020-09-10 00:00:00+00:00
147.05,148.53,146.63,147.78,3900105.0,148.53,146.63,147.78,147.05,3900105.0,JNJ,XNYS,2020-09-11 00:00:00+00:00
148.12,149.47,148.01,148.35,4249356.0,149.47,148.01,148.35,148.12,4249356.0,JNJ,XNYS,2020-09-14 00:00:00+00:00
149.45,150.59,148.52,148.89,3631009.0,150.59,148.52,148.89,149.45,3631009.0,JNJ,XNYS,2020-09-15 00:00:00+00:00
149.39,150.06,148.3501,148.4,4153046.0,150.06,148.3501,148.4,149.39,4153046.0,JNJ,XNYS,2020-09-16 00:00:00+00:00
148.04,148.63,146.05,147.17,5380762.0,148.63,146.05,147.17,148.04,5380762.0,JNJ,XNYS,2020-09-17 00:00:00+00:00
146.51,149.65,146.2,149.18,12030855.0,149.65,146.2,149.18,146.51,12030855.0,JNJ,XNYS,2020-09-18 00:00:00+00:00
147.58,147.93,142.96,145.1,7298455.0,147.93,142.96,145.1,147.58,7298455.0,JNJ,XNYS,2020-09-21 00:00:00+00:00
144.69,145.35,143.72,144.21,5295917.0,145.35,143.72,144.21,144.69,5295917.0,JNJ,XNYS,2020-09-22 00:00:00+00:00
147.48,147.55,144.38,144.44,8784436.0,147.55,144.38,144.44,147.48,8784436.0,JNJ,XNYS,2020-09-23 00:00:00+00:00
144.56,145.25,143.34,144.67,5614844.0,145.25,143.34,144.67,144.56,5614844.0,JNJ,XNYS,2020-09-24 00:00:00+00:00
144.0,146.25,143.89,145.66,5531209.0,146.25,143.89,145.66,144.0,5531209.0,JNJ,XNYS,2020-09-25 00:00:00+00:00
146.73,148.29,146.42,147.11,5843189.0,148.29,146.42,147.11,146.73,5843189.0,JNJ,XNYS,2020-09-28 00:00:00+00:00
147.6,147.92,146.06,147.06,6771016.0,147.92,146.06,147.06,147.6,6771016.0,JNJ,XNYS,2020-09-29 00:00:00+00:00
147.45,149.73,146.84,148.88,8487691.0,149.73,146.84,148.88,147.45,8487691.0,JNJ,XNYS,2020-09-30 00:00:00+00:00
149.31,149.65,146.46,147.32,6457808.0,149.65,146.46,147.32,149.31,6457808.0,JNJ,XNYS,2020-10-01 00:00:00+00:00
146.21,148.41,145.83,146.24,5485602.0,148.41,145.83,146.24,146.21,5485602.0,JNJ,XNYS,2020-10-02 00:00:00+00:00
147.0,148.38,146.42,148.23,4992758.0,148.38,146.42,148.23,147.0,4992758.0,JNJ,XNYS,2020-10-05 00:00:00+00:00
148.28,148.61,145.87,146.26,5118212.0,148.61,145.87,146.26,148.28,5118212.0,JNJ,XNYS,2020-10-06 00:00:00+00:00
146.49,148.23,145.81,147.88,5603123.0,148.23,145.81,147.88,146.49,5603123.0,JNJ,XNYS,2020-10-07 00:00:00+00:00
148.5,149.85,148.04,148.89,4413531.0,149.85,148.04,148.89,148.5,4413531.0,JNJ,XNYS,2020-10-08 00:00:00+00:00
149.65,151.48,149.445,150.97,5054116.0,151.48,149.445,150.97,149.65,5054116.0,JNJ,XNYS,2020-10-09 00:00:00+00:00
151.6,153.142,151.02,151.84,7273170.0,153.142,151.02,151.84,151.6,7273170.0,JNJ,XNYS,2020-10-12 00:00:00+00:00
149.0,150.12,147.77,148.36,11057570.0,150.12,147.77,148.36,149.0,11057570.0,JNJ,XNYS,2020-10-13 00:00:00+00:00
148.82,149.03,147.39,148.1,7707047.0,149.03,147.39,148.1,148.82,7707047.0,JNJ,XNYS,2020-10-14 00:00:00+00:00
147.48,147.9,146.33,147.19,5979015.0,147.9,146.33,147.19,147.48,5979015.0,JNJ,XNYS,2020-10-15 00:00:00+00:00
147.6,148.76,147.01,148.1,6098404.0,148.76,147.01,148.1,147.6,6098404.0,JNJ,XNYS,2020-10-16 00:00:00+00:00
148.53,148.9,144.13,144.32,7250755.0,148.9,144.13,144.32,148.53,7250755.0,JNJ,XNYS,2020-10-19 00:00:00+00:00
144.66,145.75,144.12,144.55,5326540.0,145.75,144.12,144.55,144.66,5326540.0,JNJ,XNYS,2020-10-20 00:00:00+00:00
144.12,145.34,143.91,143.93,5221348.0,145.34,143.91,143.93,144.12,5221348.0,JNJ,XNYS,2020-10-21 00:00:00+00:00
144.16,145.69,143.84,145.08,5280253.0,145.69,143.84,145.08,144.16,5280253.0,JNJ,XNYS,2020-10-22 00:00:00+00:00
145.88,147.47,144.35,145.24,4154372.0,147.47,144.35,145.24,145.88,4154372.0,JNJ,XNYS,2020-10-23 00:00:00+00:00
144.43,144.77,142.75,143.97,6929472.0,144.77,142.75,143.97,144.43,6929472.0,JNJ,XNYS,2020-10-26 00:00:00+00:00
143.74,144.29,142.92,143.15,4890064.0,144.29,142.92,143.15,143.74,4890064.0,JNJ,XNYS,2020-10-27 00:00:00+00:00
141.425,141.98,138.18,138.36,8426065.0,141.98,138.18,138.36,141.425,8426065.0,JNJ,XNYS,2020-10-28 00:00:00+00:00
138.0,138.7,136.05,137.19,7205409.0,138.7,136.05,137.19,138.0,7205409.0,JNJ,XNYS,2020-10-29 00:00:00+00:00
136.68,137.54,133.65,137.11,7364752.0,137.54,133.65,137.11,136.68,7364752.0,JNJ,XNYS,2020-10-30 00:00:00+00:00
138.98,139.01,137.49,138.69,7088029.0,139.01,137.49,138.69,138.98,7088029.0,JNJ,XNYS,2020-11-02 00:00:00+00:00
140.02,140.96,137.78,138.5,6362978.0,140.96,137.78,138.5,140.02,6362978.0,JNJ,XNYS,2020-11-03 00:00:00+00:00
139.49,142.54,138.7,139.4,10263515.0,142.54,138.7,139.4,139.49,10263515.0,JNJ,XNYS,2020-11-04 00:00:00+00:00
140.55,141.83,139.26,139.76,8016160.0,141.83,139.26,139.76,140.55,8016160.0,JNJ,XNYS,2020-11-05 00:00:00+00:00
140.4,143.19,139.65,142.25,5942538.0,143.19,139.65,142.25,140.4,5942538.0,JNJ,XNYS,2020-11-06 00:00:00+00:00
148.425,148.99,144.92,146.08,12351644.0,148.99,144.92,146.08,148.425,12351644.0,JNJ,XNYS,2020-11-09 00:00:00+00:00
147.25,148.75,146.26,148.28,7386462.0,148.75,146.26,148.28,147.25,7386462.0,JNJ,XNYS,2020-11-10 00:00:00+00:00
149.17,149.2,146.86,147.8,6382407.0,149.2,146.86,147.8,149.17,6382407.0,JNJ,XNYS,2020-11-11 00:00:00+00:00
147.61,148.65,146.7536,148.3,4712177.0,148.65,146.7536,148.3,147.61,4712177.0,JNJ,XNYS,2020-11-12 00:00:00+00:00
149.09,150.41,148.41,149.9,5896537.0,150.41,148.41,149.9,149.09,5896537.0,JNJ,XNYS,2020-11-13 00:00:00+00:00
150.92,151.3,149.801,150.85,6266384.0,151.3,149.801,150.85,150.92,6266384.0,JNJ,XNYS,2020-11-16 00:00:00+00:00
150.0,150.63,149.12,149.35,7297736.0,150.63,149.12,149.35,150.0,7297736.0,JNJ,XNYS,2020-11-17 00:00:00+00:00
148.87,149.76,147.37,147.37,6661008.0,149.76,147.37,147.37,148.87,6661008.0,JNJ,XNYS,2020-11-18 00:00:00+00:00
147.3,147.46,145.5869,147.14,7987716.0,147.46,145.5869,147.14,147.3,7987716.0,JNJ,XNYS,2020-11-19 00:00:00+00:00
147.05,147.94,146.13,146.36,6356142.0,147.94,146.13,146.36,147.05,6356142.0,JNJ,XNYS,2020-11-20 00:00:00+00:00
146.01,146.01,143.04,143.87,7318255.0,146.01,143.04,143.87,146.01,7318255.0,JNJ,XNYS,2020-11-23 00:00:00+00:00
144.0,144.765,143.61,143.87,11025765.0,144.765,143.61,143.87,144.0,11025765.0,JNJ,XNYS,2020-11-24 00:00:00+00:00
144.06,144.17,142.86,143.68,7594618.0,144.17,142.86,143.68,144.06,7594618.0,JNJ,XNYS,2020-11-25 00:00:00+00:00
144.5,144.6583,143.22,144.0,3059001.0,144.6583,143.22,144.0,144.5,3059001.0,JNJ,XNYS,2020-11-27 00:00:00+00:00
144.23,144.86,143.06,144.68,15663242.0,144.86,143.06,144.68,144.23,15663242.0,JNJ,XNYS,2020-11-30 00:00:00+00:00
146.29,149.13,145.86,147.45,9695743.0,149.13,145.86,147.45,146.29,9695743.0,JNJ,XNYS,2020-12-01 00:00:00+00:00
147.85,149.71,147.7,148.14,7745516.0,149.71,147.7,148.14,147.85,7745516.0,JNJ,XNYS,2020-12-02 00:00:00+00:00
103.86,106.16,103.51,103.82,31054410.0,106.16,103.51,103.82,103.86,31054410.0,JPM,XNYS,2020-08-11 00:00:00+00:00
106.16,106.43,101.71,102.94,19193441.0,106.43,101.71,102.94,106.16,19193441.0,JPM,XNYS,2020-08-12 00:00:00+00:00
102.0,103.36,101.635,102.37,13548020.0,103.36,101.635,102.37,102.0,13548020.0,JPM,XNYS,2020-08-13 00:00:00+00:00
101.5,103.31,101.42,102.41,12067667.0,103.31,101.42,102.41,101.5,12067667.0,JPM,XNYS,2020-08-14 00:00:00+00:00
101.5,102.0,99.53,99.71,14886101.0,102.0,99.53,99.71,101.5,14886101.0,JPM,XNYS,2020-08-17 00:00:00+00:00
99.91,99.91,98.12,98.32,13198259.0,99.91,98.12,98.32,99.91,13198259.0,JPM,XNYS,2020-08-18 00:00:00+00:00
98.92,100.59,98.34,98.55,13341324.0,100.59,98.34,98.55,98.92,13341324.0,JPM,XNYS,2020-08-19 00:00:00+00:00
97.26,98.03,96.8,97.37,13560477.0,98.03,96.8,97.37,97.26,13560477.0,JPM,XNYS,2020-08-20 00:00:00+00:00
97.27,98.565,96.94,97.32,12208132.0,98.565,96.94,97.32,97.27,12208132.0,JPM,XNYS,2020-08-21 00:00:00+00:00
98.45,100.21,97.42,100.06,17754677.0,100.21,97.42,100.06,98.45,17754677.0,JPM,XNYS,2020-08-24 00:00:00+00:00
101.27,101.98,99.8,100.5,13566256.0,101.98,99.8,100.5,101.27,13566256.0,JPM,XNYS,2020-08-25 00:00:00+00:00
99.94,100.27,99.05,99.09,11941971.0,100.27,99.05,99.09,99.94,11941971.0,JPM,XNYS,2020-08-26 00:00:00+00:00
99.0,102.65,99.0,102.35,22077446.0,102.65,99.0,102.35,99.0,22077446.0,JPM,XNYS,2020-08-27 00:00:00+00:00
103.14,103.25,101.81,102.77,13534798.0,103.25,101.81,102.77,103.14,13534798.0,JPM,XNYS,2020-08-28 00:00:00+00:00
102.12,102.18,100.02,100.19,14110925.0,102.18,100.02,100.19,102.12,14110925.0,JPM,XNYS,2020-08-31 00:00:00+00:00
99.55,100.8712,99.04,100.14,11562753.0,100.8712,99.04,100.14,99.55,11562753.0,JPM,XNYS,2020-09-01 00:00:00+00:00
99.95,101.94,99.56,101.65,14410124.0,101.94,99.56,101.65,99.95,14410124.0,JPM,XNYS,2020-09-02 00:00:00+00:00
103.32,104.99,100.64,101.33,23169395.0,104.99,100.64,101.33,103.32,23169395.0,JPM,XNYS,2020-09-03 00:00:00+00:00
104.05,105.21,101.37,103.52,25989046.0,105.21,101.37,103.52,104.05,25989046.0,JPM,XNYS,2020-09-04 00:00:00+00:00
102.98,103.57,99.48,99.92,21829372.0,103.57,99.48,99.92,102.98,21829372.0,JPM,XNYS,2020-09-08 00:00:00+00:00
100.8,101.69,99.56,100.87,13434024.0,101.69,99.56,100.87,100.8,13434024.0,JPM,XNYS,2020-09-09 00:00:00+00:00
101.4,102.42,99.64,99.83,15922793.0,102.42,99.64,99.83,101.4,15922793.0,JPM,XNYS,2020-09-10 00:00:00+00:00
99.97,101.36,99.59,101.07,13746729.0,101.36,99.59,101.07,99.97,13746729.0,JPM,XNYS,2020-09-11 00:00:00+00:00
101.51,103.46,101.37,102.47,18968421.0,103.46,101.37,102.47,101.51,18968421.0,JPM,XNYS,2020-09-14 00:00:00+00:00
102.73,102.85,99.14,99.28,23561058.0,102.85,99.14,99.28,102.73,23561058.0,JPM,XNYS,2020-09-15 00:00:00+00:00
99.43,101.13,98.76,99.7,19214685.0,101.13,98.76,99.7,99.43,19214685.0,JPM,XNYS,2020-09-16 00:00:00+00:00
98.7,99.3433,97.71,98.56,18076872.0,99.3433,97.71,98.56,98.7,18076872.0,JPM,XNYS,2020-09-17 00:00:00+00:00
97.89,99.49,97.44,98.35,20024406.0,99.49,97.44,98.35,97.89,20024406.0,JPM,XNYS,2020-09-18 00:00:00+00:00
95.2,96.05,93.82,95.31,28285631.0,96.05,93.82,95.31,95.2,28285631.0,JPM,XNYS,2020-09-21 00:00:00+00:00
94.96,95.66,93.67,94.27,19257004.0,95.66,93.67,94.27,94.96,19257004.0,JPM,XNYS,2020-09-22 00:00:00+00:00
94.78,95.35,92.6617,92.74,19952667.0,95.35,92.6617,92.74,94.78,19952667.0,JPM,XNYS,2020-09-23 00:00:00+00:00
92.32,94.3,91.38,92.66,18366522.0,94.3,91.38,92.66,92.32,18366522.0,JPM,XNYS,2020-09-24 00:00:00+00:00
92.05,93.715,91.87,93.47,13293076.0,93.715,91.87,93.47,92.05,13293076.0,JPM,XNYS,2020-09-25 00:00:00+00:00
95.06,96.93,94.35,96.16,20894106.0,96.93,94.35,96.16,95.06,20894106.0,JPM,XNYS,2020-09-28 00:00:00+00:00
96.03,96.03,94.332,95.35,12854673.0,96.03,94.332,95.35,96.03,12854673.0,JPM,XNYS,2020-09-29 00:00:00+00:00
95.35,97.1975,95.26,96.27,16400587.0,97.1975,95.26,96.27,95.35,16400587.0,JPM,XNYS,2020-09-30 00:00:00+00:00
97.12,97.77,96.03,96.97,15778666.0,97.77,96.03,96.97,97.12,15778666.0,JPM,XNYS,2020-10-01 00:00:00+00:00
95.25,98.59,95.09,97.89,15149570.0,98.59,95.09,97.89,95.25,15149570.0,JPM,XNYS,2020-10-02 00:00:00+00:00
98.32,99.25,97.53,99.04,13871881.0,99.25,97.53,99.04,98.32,13871881.0,JPM,XNYS,2020-10-05 00:00:00+00:00
100.07,100.86,97.5101,98.02,19220440.0,100.86,97.5101,98.02,100.07,19220440.0,JPM,XNYS,2020-10-06 00:00:00+00:00
98.96,100.35,98.6658,99.73,16358533.0,100.35,98.6658,99.73,98.96,16358533.0,JPM,XNYS,2020-10-07 00:00:00+00:00
100.51,101.92,99.895,101.78,15659016.0,101.92,99.895,101.78,100.51,15659016.0,JPM,XNYS,2020-10-08 00:00:00+00:00
102.0,102.105,100.11,101.2,13689115.0,102.105,100.11,101.2,102.0,13689115.0,JPM,XNYS,2020-10-09 00:00:00+00:00
101.1,103.0,100.85,102.44,16057978.0,103.0,100.85,102.44,101.1,16057978.0,JPM,XNYS,2020-10-12 00:00:00+00:00
103.0,103.22,100.26,100.78,21697310.0,103.22,100.26,100.78,103.0,21697310.0,JPM,XNYS,2020-10-13 00:00:00+00:00
101.03,101.925,100.1,100.22,15214907.0,101.925,100.1,100.22,101.03,15214907.0,JPM,XNYS,2020-10-14 00:00:00+00:00
99.1,101.78,99.04,101.72,17171199.0,101.78,99.04,101.72,99.1,17171199.0,JPM,XNYS,2020-10-15 00:00:00+00:00
101.41,102.33,100.723,101.51,13276397.0,102.33,100.723,101.51,101.41,13276397.0,JPM,XNYS,2020-10-16 00:00:00+00:00
101.6,101.87,99.56,99.8,11725674.0,101.87,99.56,99.8,101.6,11725674.0,JPM,XNYS,2020-10-19 00:00:00+00:00
100.31,101.77,100.12,100.37,11257070.0,101.77,100.12,100.37,100.31,11257070.0,JPM,XNYS,2020-10-20 00:00:00+00:00
100.36,100.99,99.33,99.37,10730521.0,100.99,99.33,99.37,100.36,10730521.0,JPM,XNYS,2020-10-21 00:00:00+00:00
99.32,103.24,99.31,102.88,14837204.0,103.24,99.31,102.88,99.32,14837204.0,JPM,XNYS,2020-10-22 00:00:00+00:00
103.5,104.45,102.93,103.81,15087611.0,104.45,102.93,103.81,103.5,15087611.0,JPM,XNYS,2020-10-23 00:00:00+00:00
102.65,102.7,100.25,101.24,12410742.0,102.7,100.25,101.24,102.65,12410742.0,JPM,XNYS,2020-10-26 00:00:00+00:00
100.51,100.92,99.16,99.33,10391663.0,100.92,99.16,99.33,100.51,10391663.0,JPM,XNYS,2020-10-27 00:00:00+00:00
97.5,98.3,96.07,96.54,16389464.0,98.3,96.07,96.54,97.5,16389464.0,JPM,XNYS,2020-10-28 00:00:00+00:00
96.12,97.98,95.2397,97.17,14208820.0,97.98,95.2397,97.17,96.12,14208820.0,JPM,XNYS,2020-10-29 00:00:00+00:00
97.91,98.42,96.23,98.04,15200685.0,98.42,96.23,98.04,97.91,15200685.0,JPM,XNYS,2020-10-30 00:00:00+00:00
99.39,100.88,97.86,100.25,15011597.0,100.88,97.86,100.25,99.39,15011597.0,JPM,XNYS,2020-11-02 00:00:00+00:00
103.02,104.74,102.69,103.41,17482590.0,104.74,102.69,103.41,103.02,17482590.0,JPM,XNYS,2020-11-03 00:00:00+00:00
101.0,102.07,98.93,100.25,18886518.0,102.07,98.93,100.25,101.0,18886518.0,JPM,XNYS,2020-11-04 00:00:00+00:00
101.06,105.095,101.0,104.35,17837373.0,105.095,101.0,104.35,101.06,17837373.0,JPM,XNYS,2020-11-05 00:00:00+00:00
105.03,105.1,102.39,102.96,12552785.0,105.1,102.39,102.96,105.03,12552785.0,JPM,XNYS,2020-11-06 00:00:00+00:00
113.16,118.9,110.35,116.9,47792406.0,118.9,110.35,116.9,113.16,47792406.0,JPM,XNYS,2020-11-09 00:00:00+00:00
117.35,117.45,114.69,116.52,20539339.0,117.45,114.69,116.52,117.35,20539339.0,JPM,XNYS,2020-11-10 00:00:00+00:00
116.89,116.96,113.96,114.78,14443409.0,116.96,113.96,114.78,116.89,14443409.0,JPM,XNYS,2020-11-11 00:00:00+00:00
112.53,113.955,112.055,113.37,22066464.0,113.955,112.055,113.37,112.53,22066464.0,JPM,XNYS,2020-11-12 00:00:00+00:00
114.7,114.86,113.5701,114.08,11856870.0,114.86,113.5701,114.08,114.7,11856870.0,JPM,XNYS,2020-11-13 00:00:00+00:00
117.79,118.61,115.7318,117.3,19858562.0,118.61,115.7318,117.3,117.79,19858562.0,JPM,XNYS,2020-11-16 00:00:00+00:00
115.39,116.44,114.58,116.11,14553245.0,116.44,114.58,116.11,115.39,14553245.0,JPM,XNYS,2020-11-17 00:00:00+00:00
117.34,118.61,115.2,115.25,12571217.0,118.61,115.2,115.25,117.34,12571217.0,JPM,XNYS,2020-11-18 00:00:00+00:00
114.18,115.82,113.56,115.56,10202538.0,115.82,113.56,115.56,114.18,10202538.0,JPM,XNYS,2020-11-19 00:00:00+00:00
114.43,115.65,114.09,114.57,12720823.0,115.65,114.09,114.57,114.43,12720823.0,JPM,XNYS,2020-11-20 00:00:00+00:00
116.05,118.17,115.57,117.87,13209211.0,118.17,115.57,117.87,116.05,13209211.0,JPM,XNYS,2020-11-23 00:00:00+00:00
120.07,123.5,119.71,123.32,19660667.0,123.5,119.71,123.32,120.07,19660667.0,JPM,XNYS,2020-11-24 00:00:00+00:00
121.37,122.38,120.465,122.03,11715627.0,122.38,120.465,122.03,121.37,11715627.0,JPM,XNYS,2020-11-25 00:00:00+00:00
122.0,122.35,121.08,121.22,5983627.0,122.35,121.08,121.22,122.0,5983627.0,JPM,XNYS,2020-11-27 00:00:00+00:00
120.0,120.7199,117.77,117.88,14411847.0,120.7199,117.77,117.88,120.0,14411847.0,JPM,XNYS,2020-11-30 00:00:00+00:00
120.34,121.58,119.6276,119.74,12287069.0,121.58,119.6276,119.74,120.34,12287069.0,JPM,XNYS,2020-12-01 00:00:00+00:00
119.7,122.31,119.27,122.04,10811255.0,122.31,119.27,122.04,119.7,10811255.0,JPM,XNYS,2020-12-02 00:00:00+00:00
325.0,334.55,323.58,328.54,4936722.0,334.55,323.58,328.54,325.0,4936722.0,MA,XNYS,2020-08-11 00:00:00+00:00
328.66,331.4,326.2,327.63,3117238.0,331.4,326.2,327.63,328.66,3117238.0,MA,XNYS,2020-08-12 00:00:00+00:00
325.93,329.8306,325.6237,326.19,2511770.0,329.8306,325.6237,326.19,325.93,2511770.0,MA,XNYS,2020-08-13 00:00:00+00:00
325.67,327.64,324.81,326.8,1440054.0,327.64,324.81,326.8,325.67,1440054.0,MA,XNYS,2020-08-14 00:00:00+00:00
327.0,331.23,326.675,330.23,2894481.0,331.23,326.675,330.23,327.0,2894481.0,MA,XNYS,2020-08-17 00:00:00+00:00
330.2,331.4,326.3501,331.0,3014963.0,331.4,326.3501,331.0,330.2,3014963.0,MA,XNYS,2020-08-18 00:00:00+00:00
330.04,334.4599,330.0,332.4,3382714.0,334.4599,330.0,332.4,330.04,3382714.0,MA,XNYS,2020-08-19 00:00:00+00:00
330.19,338.0,330.19,337.32,2963959.0,338.0,330.19,337.32,330.19,2963959.0,MA,XNYS,2020-08-20 00:00:00+00:00
338.0,338.8,335.97,337.1,2660555.0,338.8,335.97,337.1,338.0,2660555.0,MA,XNYS,2020-08-21 00:00:00+00:00
339.36,343.83,338.75,343.64,2749776.0,343.83,338.75,343.64,339.36,2749776.0,MA,XNYS,2020-08-24 00:00:00+00:00
344.71,348.46,343.33,347.66,2861318.0,348.46,343.33,347.66,344.71,2861318.0,MA,XNYS,2020-08-25 00:00:00+00:00
348.0,352.29,345.5,351.02,3480316.0,352.29,345.5,351.02,348.0,3480316.0,MA,XNYS,2020-08-26 00:00:00+00:00
351.73,358.0,350.58,356.0,3810605.0,358.0,350.58,356.0,351.73,3810605.0,MA,XNYS,2020-08-27 00:00:00+00:00
357.48,367.25,356.16,366.12,3535261.0,367.25,356.16,366.12,357.48,3535261.0,MA,XNYS,2020-08-28 00:00:00+00:00
366.63,366.63,357.6898,358.19,3883746.0,366.63,357.6898,358.19,366.63,3883746.0,MA,XNYS,2020-08-31 00:00:00+00:00
357.71,359.44,353.56,356.9,4386120.0,359.44,353.56,356.9,357.71,4386120.0,MA,XNYS,2020-09-01 00:00:00+00:00
357.39,361.6,356.2811,360.7,4109094.0,361.6,356.2811,360.7,357.39,4109094.0,MA,XNYS,2020-09-02 00:00:00+00:00
358.47,358.94,341.26,343.84,6266406.0,358.94,341.26,343.84,358.47,6266406.0,MA,XNYS,2020-09-03 00:00:00+00:00
343.0,346.99,326.5501,335.01,6565288.0,346.99,326.5501,335.01,343.0,6565288.0,MA,XNYS,2020-09-04 00:00:00+00:00
328.76,335.71,326.9,329.88,4395843.0,335.71,326.9,329.88,328.76,4395843.0,MA,XNYS,2020-09-08 00:00:00+00:00
337.39,342.76,332.37,339.64,3344928.0,342.76,332.37,339.64,337.39,3344928.0,MA,XNYS,2020-09-09 00:00:00+00:00
342.5,345.13,331.14,332.88,2845917.0,345.13,331.14,332.88,342.5,2845917.0,MA,XNYS,2020-09-10 00:00:00+00:00
334.71,334.71,327.31,330.15,2915576.0,334.71,327.31,330.15,334.71,2915576.0,MA,XNYS,2020-09-11 00:00:00+00:00
334.97,340.0,334.02,338.6,3404805.0,340.0,334.02,338.6,334.97,3404805.0,MA,XNYS,2020-09-14 00:00:00+00:00
342.74,343.93,338.53,339.14,2381570.0,343.93,338.53,339.14,342.74,2381570.0,MA,XNYS,2020-09-15 00:00:00+00:00
341.28,346.04,339.785,341.85,3005428.0,346.04,339.785,341.85,341.28,3005428.0,MA,XNYS,2020-09-16 00:00:00+00:00
337.14,343.72,336.0,339.43,3669957.0,343.72,336.0,339.43,337.14,3669957.0,MA,XNYS,2020-09-17 00:00:00+00:00
338.21,341.135,333.37,335.26,3955924.0,341.135,333.37,335.26,338.21,3955924.0,MA,XNYS,2020-09-18 00:00:00+00:00
329.47,331.67,320.81,327.85,4346443.0,331.67,320.81,327.85,329.47,4346443.0,MA,XNYS,2020-09-21 00:00:00+00:00
329.51,336.03,325.11,335.31,3375282.0,336.03,325.11,335.31,329.51,3375282.0,MA,XNYS,2020-09-22 00:00:00+00:00
334.84,335.17,323.47,324.53,2893892.0,335.17,323.47,324.53,334.84,2893892.0,MA,XNYS,2020-09-23 00:00:00+00:00
323.2,330.78,321.18,328.21,3706328.0,330.78,321.18,328.21,323.2,3706328.0,MA,XNYS,2020-09-24 00:00:00+00:00
325.65,333.48,322.1,331.78,3077606.0,333.48,322.1,331.78,325.65,3077606.0,MA,XNYS,2020-09-25 00:00:00+00:00
336.61,340.57,335.81,338.39,3122503.0,340.57,335.81,338.39,336.61,3122503.0,MA,XNYS,2020-09-28 00:00:00+00:00
338.39,340.72,335.82,336.23,2703855.0,340.72,335.82,336.23,338.39,2703855.0,MA,XNYS,2020-09-29 00:00:00+00:00
336.7,343.65,336.42,338.17,3285410.0,343.65,336.42,338.17,336.7,3285410.0,MA,XNYS,2020-09-30 00:00:00+00:00
342.24,346.7,340.28,343.37,2503643.0,346.7,340.28,343.37,342.24,2503643.0,MA,XNYS,2020-10-01 00:00:00+00:00
338.27,342.61,336.01,338.83,2184840.0,342.61,336.01,338.83,338.27,2184840.0,MA,XNYS,2020-10-02 00:00:00+00:00
341.68,343.25,338.97,343.25,2081554.0,343.25,338.97,343.25,341.68,2081554.0,MA,XNYS,2020-10-05 00:00:00+00:00
342.06,346.36,336.22,337.43,2553410.0,346.36,336.22,337.43,342.06,2553410.0,MA,XNYS,2020-10-06 00:00:00+00:00
341.78,344.65,340.335,343.9,3068268.0,344.2510418174,339.941036753,343.5019099986,341.3843640573,3068268.0,MA,XNYS,2020-10-07 00:00:00+00:00
345.01,347.69,344.24,345.15,1991848.0,347.69,344.24,345.15,345.01,1991848.0,MA,XNYS,2020-10-08 00:00:00+00:00
347.99,353.36,347.0,352.39,3116763.0,353.36,347.0,352.39,347.99,3116763.0,MA,XNYS,2020-10-09 00:00:00+00:00
355.0,355.0,350.82,352.04,2943192.0,355.0,350.82,352.04,355.0,2943192.0,MA,XNYS,2020-10-12 00:00:00+00:00
351.43,351.5,345.02,345.84,2523751.0,351.5,345.02,345.84,351.43,2523751.0,MA,XNYS,2020-10-13 00:00:00+00:00
345.76,347.19,341.19,342.7,2234659.0,347.19,341.19,342.7,345.76,2234659.0,MA,XNYS,2020-10-14 00:00:00+00:00
338.3,339.61,332.815,338.57,3728078.0,339.61,332.815,338.57,338.3,3728078.0,MA,XNYS,2020-10-15 00:00:00+00:00
340.0,344.9787,339.23,339.4,3326354.0,344.9787,339.23,339.4,340.0,3326354.0,MA,XNYS,2020-10-16 00:00:00+00:00
340.12,341.3,330.43,331.67,2937563.0,341.3,330.43,331.67,340.12,2937563.0,MA,XNYS,2020-10-19 00:00:00+00:00
333.04,336.8,331.68,331.72,2679689.0,336.8,331.68,331.72,333.04,2679689.0,MA,XNYS,2020-10-20 00:00:00+00:00
332.49,336.32,331.3,333.42,2725252.0,336.32,331.3,333.42,332.49,2725252.0,MA,XNYS,2020-10-21 00:00:00+00:00
333.37,335.375,329.25,333.6,2256296.0,335.375,329.25,333.6,333.37,2256296.0,MA,XNYS,2020-10-22 00:00:00+00:00
335.69,335.69,328.31,329.61,2945459.0,335.69,328.31,329.61,335.69,2945459.0,MA,XNYS,2020-10-23 00:00:00+00:00
326.41,327.24,314.23,318.06,5173344.0,327.24,314.23,318.06,326.41,5173344.0,MA,XNYS,2020-10-26 00:00:00+00:00
318.9,319.555,312.355,317.11,4314917.0,319.555,312.355,317.11,318.9,4314917.0,MA,XNYS,2020-10-27 00:00:00+00:00
301.69,302.0,288.6,291.38,11518248.0,302.0,288.6,291.38,301.69,11518248.0,MA,XNYS,2020-10-28 00:00:00+00:00
293.2,295.3,287.55,293.18,9582260.0,295.3,287.55,293.18,293.2,9582260.0,MA,XNYS,2020-10-29 00:00:00+00:00
289.85,291.85,281.2,288.64,6893575.0,291.85,281.2,288.64,289.85,6893575.0,MA,XNYS,2020-10-30 00:00:00+00:00
294.24,294.8372,288.12,289.97,5095018.0,294.8372,288.12,289.97,294.24,5095018.0,MA,XNYS,2020-11-02 00:00:00+00:00
294.45,300.34,291.78,295.39,4097715.0,300.34,291.78,295.39,294.45,4097715.0,MA,XNYS,2020-11-03 00:00:00+00:00
305.09,312.7199,302.24,307.2,4790140.0,312.7199,302.24,307.2,305.09,4790140.0,MA,XNYS,2020-11-04 00:00:00+00:00
315.14,319.35,313.58,316.53,3794406.0,319.35,313.58,316.53,315.14,3794406.0,MA,XNYS,2020-11-05 00:00:00+00:00
315.98,316.49,310.09,313.64,2978524.0,316.49,310.09,313.64,315.98,2978524.0,MA,XNYS,2020-11-06 00:00:00+00:00
346.92,357.0,340.9,344.56,10933692.0,357.0,340.9,344.56,346.92,10933692.0,MA,XNYS,2020-11-09 00:00:00+00:00
339.99,345.86,333.44,334.78,5330365.0,345.86,333.44,334.78,339.99,5330365.0,MA,XNYS,2020-11-10 00:00:00+00:00
337.41,337.7,331.07,332.39,2969922.0,337.7,331.07,332.39,337.41,2969922.0,MA,XNYS,2020-11-11 00:00:00+00:00
329.06,333.09,326.295,328.29,3208585.0,333.09,326.295,328.29,329.06,3208585.0,MA,XNYS,2020-11-12 00:00:00+00:00
330.3,336.11,327.34,335.03,2393997.0,336.11,327.34,335.03,330.3,2393997.0,MA,XNYS,2020-11-13 00:00:00+00:00
341.8,342.65,333.17,335.45,3313117.0,342.65,333.17,335.45,341.8,3313117.0,MA,XNYS,2020-11-16 00:00:00+00:00
333.17,337.77,330.72,336.5,3412853.0,337.77,330.72,336.5,333.17,3412853.0,MA,XNYS,2020-11-17 00:00:00+00:00
336.53,340.95,334.855,335.94,3203424.0,340.95,334.855,335.94,336.53,3203424.0,MA,XNYS,2020-11-18 00:00:00+00:00
335.49,339.16,331.42,333.88,2718742.0,339.16,331.42,333.88,335.49,2718742.0,MA,XNYS,2020-11-19 00:00:00+00:00
334.78,335.155,323.0,323.0,4144864.0,335.155,323.0,323.0,334.78,4144864.0,MA,XNYS,2020-11-20 00:00:00+00:00
326.21,333.2,324.37,332.04,3220817.0,333.2,324.37,332.04,326.21,3220817.0,MA,XNYS,2020-11-23 00:00:00+00:00
336.91,344.11,334.115,342.39,3513355.0,344.11,334.115,342.39,336.91,3513355.0,MA,XNYS,2020-11-24 00:00:00+00:00
343.71,343.71,339.3409,341.32,2535198.0,343.71,339.3409,341.32,343.71,2535198.0,MA,XNYS,2020-11-25 00:00:00+00:00
342.83,342.88,337.61,339.07,1402271.0,342.88,337.61,339.07,342.83,1402271.0,MA,XNYS,2020-11-27 00:00:00+00:00
337.66,338.045,330.18,336.51,4276207.0,338.045,330.18,336.51,337.66,4276207.0,MA,XNYS,2020-11-30 00:00:00+00:00
339.67,342.6299,337.62,338.88,3881458.0,342.6299,337.62,338.88,339.67,3881458.0,MA,XNYS,2020-12-01 00:00:00+00:00
336.78,340.24,334.0,340.22,2972421.0,340.24,334.0,340.22,336.78,2972421.0,MA,XNYS,2020-12-02 00:00:00+00:00
207.155,207.65,203.14,203.38,36446459.0,206.5981015097,202.1109479445,202.3497321697,206.1056090452,36446459.0,MSFT,XNAS,2020-08-11 00:00:00+00:00
205.29,210.28,204.75,209.19,28041364.0,209.2147786441,203.7127921219,208.130300288,204.2500566286,28041364.0,MSFT,XNAS,2020-08-12 00:00:00+00:00
209.44,211.35,208.15,208.7,22588870.0,210.2793583148,207.0955686455,207.6427824949,208.379033856,22588870.0,MSFT,XNAS,2020-08-13 00:00:00+00:00
208.76,209.59,207.51,208.9,17958936.0,208.5282739967,206.4588107117,207.8417693493,207.7024785512,17958936.0,MSFT,XNAS,2020-08-14 00:00:00+00:00
209.6,211.1874,208.915,210.28,20063496.0,210.1175820023,207.8566933633,209.2147786441,208.5382233394,20063496.0,MSFT,XNAS,2020-08-17 00:00:00+00:00
210.53,212.36,209.21,211.49,21336167.0,211.2842419292,208.1501989735,210.4186491129,209.4635122121,21336167.0,MSFT,XNAS,2020-08-18 00:00:00+00:00
211.49,212.1,209.25,209.7,27627561.0,211.5387828388,208.6963239463,209.1451332451,210.9303969004,27627561.0,MSFT,XNAS,2020-08-19 00:00:00+00:00
209.54,215.0,208.91,214.58,26981478.0,214.4311094311,208.3572235872,214.0122207522,208.9855566056,26981478.0,MSFT,XNAS,2020-08-20 00:00:00+00:00
213.86,216.25,212.85,213.02,36249319.0,215.6778019278,212.2867983368,212.4563485163,213.2941258741,36249319.0,MSFT,XNAS,2020-08-21 00:00:00+00:00
214.79,215.52,212.43,213.69,25460147.0,214.9497335097,211.8679096579,213.1245756946,214.2216650917,25460147.0,MSFT,XNAS,2020-08-24 00:00:00+00:00
213.1,216.61,213.1,216.47,23043696.0,216.0368493668,212.5361368361,215.8972198072,212.5361368361,23043696.0,MSFT,XNAS,2020-08-25 00:00:00+00:00
217.88,222.09,217.36,221.15,39600828.0,221.5023492723,216.7848648649,220.5648365148,217.3034889435,39600828.0,MSFT,XNAS,2020-08-26 00:00:00+00:00
222.89,231.15,219.4,226.58,57602195.0,230.5383764884,218.8194670195,225.9804687205,222.3002324702,57602195.0,MSFT,XNAS,2020-08-27 00:00:00+00:00
228.18,230.644,226.58,228.91,26292896.0,230.0337153657,225.9804687205,228.3043035343,227.5762351162,26292896.0,MSFT,XNAS,2020-08-28 00:00:00+00:00
227.0,228.7,224.31,225.53,28774156.0,228.0948591949,223.7164751465,224.9332470232,226.3993573994,28774156.0,MSFT,XNAS,2020-08-31 00:00:00+00:00
225.51,227.45,224.43,227.27,25791235.0,226.8481666982,223.8361576262,226.6686429786,224.9132999433,25791235.0,MSFT,XNAS,2020-09-01 00:00:00+00:00
227.97,232.86,227.35,231.65,34080839.0,232.2438518239,226.7484312984,231.0370534871,227.3667907768,34080839.0,MSFT,XNAS,2020-09-02 00:00:00+00:00
229.27,229.31,214.9602,217.3,58400288.0,228.7032451332,214.391414742,216.725023625,228.6633509734,58400288.0,MSFT,XNAS,2020-09-03 00:00:00+00:00
215.1,218.3599,205.19,214.25,59664072.0,217.7821191268,204.6470667171,213.6830939331,214.5308448308,59664072.0,MSFT,XNAS,2020-09-04 00:00:00+00:00
206.5,210.03,202.2,202.66,52924330.0,209.4742600643,201.664978265,202.1237611038,205.9536004536,52924330.0,MSFT,XNAS,2020-09-08 00:00:00+00:00
207.6,214.8399,206.7,211.29,45678986.0,214.2714330561,206.1530712531,210.7309261009,207.0506898507,45678986.0,MSFT,XNAS,2020-09-09 00:00:00+00:00
213.4,214.74,204.11,205.37,35461514.0,214.1717973918,203.5699243999,204.8265904366,212.8353430353,35461514.0,MSFT,XNAS,2020-09-10 00:00:00+00:00
207.2,208.63,201.24,204.03,33620073.0,208.077964468,200.7075184275,203.4901360801,206.6517482517,33620073.0,MSFT,XNAS,2020-09-11 00:00:00+00:00
204.24,209.2,204.03,205.41,30375768.0,208.6464562465,203.4901360801,204.8664845965,203.6995804196,30375768.0,MSFT,XNAS,2020-09-14 00:00:00+00:00
208.42,209.78,206.93,208.78,21823942.0,209.2249215649,206.3824626725,208.2275675676,207.8685201285,21823942.0,MSFT,XNAS,2020-09-15 00:00:00+00:00
210.62,210.65,204.64,205.05,26372464.0,210.0926195426,204.0985220185,204.5074371574,210.0626989227,26372464.0,MSFT,XNAS,2020-09-16 00:00:00+00:00
200.05,204.33,199.96,202.91,34011257.0,203.7893422793,199.4309053109,202.3730996031,199.5206671707,34011257.0,MSFT,XNAS,2020-09-17 00:00:00+00:00
202.8,203.65,196.25,200.39,55225326.0,203.1111415611,195.7307219807,199.8597675298,202.2633906634,55225326.0,MSFT,XNAS,2020-09-18 00:00:00+00:00
197.19,202.71,196.38,202.54,39839657.0,202.1736288036,195.8603780004,202.0040786241,196.6682347382,39839657.0,MSFT,XNAS,2020-09-21 00:00:00+00:00
205.06,208.1,202.075,207.42,33517065.0,207.5493668494,201.5403090153,206.8711661312,204.5174106974,33517065.0,MSFT,XNAS,2020-09-22 00:00:00+00:00
207.9,208.1,200.03,200.59,30803780.0,207.5493668494,199.5007200907,200.0592383292,207.3498960499,30803780.0,MSFT,XNAS,2020-09-23 00:00:00+00:00
199.85,205.57,199.2,203.19,31202493.0,205.0260612361,198.6729162729,202.6523587224,199.3211963712,31202493.0,MSFT,XNAS,2020-09-24 00:00:00+00:00
203.55,209.04,202.54,207.82,29437312.0,208.4868796069,202.0040786241,207.2701077301,203.0114061614,29437312.0,MSFT,XNAS,2020-09-25 00:00:00+00:00
210.88,212.57,208.06,209.44,32004936.0,212.0075392175,207.5094726895,208.8858212058,210.322010962,32004936.0,MSFT,XNAS,2020-09-28 00:00:00+00:00
209.35,210.07,206.81,207.26,24464472.0,209.5141542242,206.2627801928,206.7115894916,208.7960593461,24464472.0,MSFT,XNAS,2020-09-29 00:00:00+00:00
207.73,211.98,206.54,210.33,33829088.0,211.4191003591,205.9934946135,209.7734662635,207.1803458703,33829088.0,MSFT,XNAS,2020-09-30 00:00:00+00:00
213.49,213.99,211.32,212.46,27158418.0,213.4237818938,210.7608467208,211.8978302778,212.9251048951,27158418.0,MSFT,XNAS,2020-10-01 00:00:00+00:00
208.0,210.99,205.54,206.19,33154781.0,210.4317199017,204.9961406161,205.6444207144,207.4496314496,33154781.0,MSFT,XNAS,2020-10-02 00:00:00+00:00
207.22,210.41,206.98,210.38,21331561.0,209.8532545833,206.4323303723,209.8233339633,206.6716953317,21331561.0,MSFT,XNAS,2020-10-05 00:00:00+00:00
208.82,210.18,204.82,205.91,28554261.0,209.6238631639,204.278045738,205.3651615952,208.2674617275,28554261.0,MSFT,XNAS,2020-10-06 00:00:00+00:00
207.06,210.11,206.72,209.83,25681054.0,209.554048384,206.173018333,209.2747892648,206.5121186921,25681054.0,MSFT,XNAS,2020-10-07 00:00:00+00:00
210.51,211.19,208.32,210.58,19925837.0,210.6311907012,207.7687847288,210.0228047628,209.952989983,19925837.0,MSFT,XNAS,2020-10-08 00:00:00+00:00
211.23,215.86,211.23,215.81,26458047.0,215.2888338688,210.6710848611,215.238966169,210.6710848611,26458047.0,MSFT,XNAS,2020-10-09 00:00:00+00:00
218.79,223.86,216.81,221.4,40461368.0,223.2676658477,216.2363201663,220.8141750142,218.2110810811,40461368.0,MSFT,XNAS,2020-10-12 00:00:00+00:00
222.72,225.21,220.43,222.86,28950843.0,224.6140937441,219.8467416367,222.2703118503,222.1306822907,28950843.0,MSFT,XNAS,2020-10-13 00:00:00+00:00
223.0,224.22,219.13,220.86,23451713.0,223.6267132867,218.5501814402,220.2756038556,222.4099414099,23451713.0,MSFT,XNAS,2020-10-14 00:00:00+00:00
217.1,220.36,216.01,219.66,22733064.0,219.7769268569,215.4384369684,219.0787790588,216.5255528256,22733064.0,MSFT,XNAS,2020-10-15 00:00:00+00:00
220.15,222.29,219.32,219.66,26057882.0,221.7018200718,218.7396786997,219.0787790588,219.5674825175,26057882.0,MSFT,XNAS,2020-10-16 00:00:00+00:00
220.415,222.3,213.72,214.22,27625841.0,221.7117936118,213.1544963145,213.6531733132,219.8317813268,27625841.0,MSFT,XNAS,2020-10-19 00:00:00+00:00
215.8,217.37,213.0901,214.65,22753511.0,216.7948384048,212.5262630316,214.082035532,215.228992629,22753511.0,MSFT,XNAS,2020-10-20 00:00:00+00:00
213.12,216.92,213.12,214.8,22724906.0,216.346029106,212.5560839161,214.2316386316,212.5560839161,22724906.0,MSFT,XNAS,2020-10-21 00:00:00+00:00
213.93,216.055,211.7,214.89,22351450.0,215.4833178983,211.1398412398,214.3214004914,213.3639406539,22351450.0,MSFT,XNAS,2020-10-22 00:00:00+00:00
215.03,216.28,213.16,216.23,18879608.0,215.7077225477,212.595978076,215.6578548479,214.461030051,18879608.0,MSFT,XNAS,2020-10-23 00:00:00+00:00
213.85,216.3399,208.1,210.08,37111561.0,215.7674640522,207.5493668494,209.5241277641,213.2841523342,37111561.0,MSFT,XNAS,2020-10-26 00:00:00+00:00
211.59,214.67,210.329,213.25,36700325.0,214.101982612,209.7724689095,212.6857399357,211.0301323001,36700325.0,MSFT,XNAS,2020-10-27 00:00:00+00:00
207.67,208.84,202.1,202.68,51195593.0,208.2874088074,201.5652428652,202.1437081837,207.1205046305,51195593.0,MSFT,XNAS,2020-10-28 00:00:00+00:00
204.07,207.36,203.37,204.72,31432563.0,206.8113248913,202.8318824419,204.1783103383,203.53003024,31432563.0,MSFT,XNAS,2020-10-29 00:00:00+00:00
203.5,204.29,199.62,202.47,36980111.0,203.7494481194,199.0918049518,201.9342638443,202.9615384615,36980111.0,MSFT,XNAS,2020-10-30 00:00:00+00:00
204.29,205.28,200.12,202.33,30842163.0,204.7368285768,199.5904819505,201.7946342846,203.7494481194,30842163.0,MSFT,XNAS,2020-11-02 00:00:00+00:00
203.89,208.12,203.12,206.43,27512030.0,207.5693139293,202.5825439425,205.8837856738,203.3505065205,27512030.0,MSFT,XNAS,2020-11-03 00:00:00+00:00
214.02,218.32,212.4185,216.39,42311777.0,217.7423247023,211.8564400869,215.8174314874,213.4537025137,42311777.0,MSFT,XNAS,2020-11-04 00:00:00+00:00
222.04,224.12,221.15,223.29,36080137.0,223.526977887,220.5648365148,222.6991740692,221.4524815725,36080137.0,MSFT,XNAS,2020-11-05 00:00:00+00:00
222.26,224.36,218.03,223.72,25231895.0,223.7663428463,217.4530920431,223.128036288,221.6718994519,25231895.0,MSFT,XNAS,2020-11-06 00:00:00+00:00
224.435,228.12,217.88,218.39,44394950.0,227.5163938764,217.3034889435,217.8121394821,223.8411443961,44394950.0,MSFT,XNAS,2020-11-09 00:00:00+00:00
214.5,216.5,209.72,211.01,44045120.0,215.9271404271,209.1650803251,210.4516669817,213.9324324324,44045120.0,MSFT,XNAS,2020-11-10 00:00:00+00:00
212.39,218.04,212.2,216.55,29440788.0,217.4630655831,211.6385182385,215.977008127,211.828015498,29440788.0,MSFT,XNAS,2020-11-11 00:00:00+00:00
217.21,219.11,214.46,215.44,21616115.0,218.5302343602,213.8925382725,214.8699451899,216.6352617653,21616115.0,MSFT,XNAS,2020-11-12 00:00:00+00:00
216.36,217.42,214.16,216.51,18630307.0,216.8447061047,213.5933320733,215.9371139671,215.7875108675,18630307.0,MSFT,XNAS,2020-11-13 00:00:00+00:00
214.87,217.74,214.52,217.23,24953344.0,217.1638593839,213.9523795124,216.6552088452,214.3014534115,24953344.0,MSFT,XNAS,2020-11-16 00:00:00+00:00
216.1,217.68,214.08,214.46,24154112.0,217.104018144,213.5135437535,213.8925382725,215.5281988282,24154112.0,MSFT,XNAS,2020-11-17 00:00:00+00:00
213.65,215.17,210.93,211.08,28372789.0,215.17,210.93,211.08,213.65,28372789.0,MSFT,XNAS,2020-11-18 00:00:00+00:00
211.38,213.03,209.93,212.42,24792746.0,213.03,209.93,212.42,211.38,24792746.0,MSFT,XNAS,2020-11-19 00:00:00+00:00
212.2,213.285,210.0,210.39,22843119.0,213.285,210.0,210.39,212.2,22843119.0,MSFT,XNAS,2020-11-20 00:00:00+00:00
210.95,212.29,208.16,210.11,25683507.0,212.29,208.16,210.11,210.95,25683507.0,MSFT,XNAS,2020-11-23 00:00:00+00:00
209.59,214.25,208.86,213.86,33830438.0,214.25,208.86,213.86,209.59,33830438.0,MSFT,XNAS,2020-11-24 00:00:00+00:00
215.11,215.29,212.46,213.87,21012887.0,215.29,212.46,213.87,215.11,21012887.0,MSFT,XNAS,2020-11-25 00:00:00+00:00
214.85,216.27,214.04,215.23,14512213.0,216.27,214.04,215.23,214.85,14512213.0,MSFT,XNAS,2020-11-27 00:00:00+00:00
214.1,214.76,210.835,214.07,33064753.0,214.76,210.835,214.07,214.1,33064753.0,MSFT,XNAS,2020-11-30 00:00:00+00:00
214.51,217.32,213.35,216.21,30498026.0,217.32,213.35,216.21,214.51,30498026.0,MSFT,XNAS,2020-12-01 00:00:00+00:00
214.88,215.47,212.8,215.37,23724509.0,215.47,212.8,215.37,214.88,23724509.0,MSFT,XNAS,2020-12-02 00:00:00+00:00
479.75,480.92,466.55,466.93,7329226.0,480.92,466.55,466.93,479.75,7329226.0,NFLX,XNAS,2020-08-11 00:00:00+00:00
471.34,482.49,470.18,475.47,5441243.0,482.49,470.18,475.47,471.34,5441243.0,NFLX,XNAS,2020-08-12 00:00:00+00:00
478.4,484.45,476.45,481.33,3008933.0,484.45,476.45,481.33,478.4,3008933.0,NFLX,XNAS,2020-08-13 00:00:00+00:00
482.82,488.325,480.21,482.68,2943487.0,488.325,480.21,482.68,482.82,2943487.0,NFLX,XNAS,2020-08-14 00:00:00+00:00
484.19,486.24,479.1,482.35,2409957.0,486.24,479.1,482.35,484.19,2409957.0,NFLX,XNAS,2020-08-17 00:00:00+00:00
484.35,495.3,482.8,491.87,3505518.0,495.3,482.8,491.87,484.35,3505518.0,NFLX,XNAS,2020-08-18 00:00:00+00:00
493.93,494.4985,483.5,484.53,3156218.0,494.4985,483.5,484.53,493.93,3156218.0,NFLX,XNAS,2020-08-19 00:00:00+00:00
484.69,498.94,483.89,497.9,5132480.0,498.94,483.89,497.9,484.69,5132480.0,NFLX,XNAS,2020-08-20 00:00:00+00:00
496.46,498.13,490.0,492.31,3921293.0,498.13,490.0,492.31,496.46,3921293.0,NFLX,XNAS,2020-08-21 00:00:00+00:00
495.4383,501.0,483.16,488.81,4762183.0,501.0,483.16,488.81,495.4383,4762183.0,NFLX,XNAS,2020-08-24 00:00:00+00:00
488.19,492.47,485.09,490.58,5727721.0,492.47,485.09,490.58,488.19,5727721.0,NFLX,XNAS,2020-08-25 00:00:00+00:00
492.5,549.04,492.075,547.53,20373681.0,549.04,492.075,547.53,492.5,20373681.0,NFLX,XNAS,2020-08-26 00:00:00+00:00
537.775,541.0,521.2471,526.27,9062912.0,541.0,521.2471,526.27,537.775,9062912.0,NFLX,XNAS,2020-08-27 00:00:00+00:00
532.0,539.0,522.0,523.89,4417517.0,539.0,522.0,523.89,532.0,4417517.0,NFLX,XNAS,2020-08-28 00:00:00+00:00
521.16,531.99,517.58,529.56,4941409.0,531.99,517.58,529.56,521.16,4941409.0,NFLX,XNAS,2020-08-31 00:00:00+00:00
532.6,557.3895,532.45,556.55,9581907.0,557.3895,532.45,556.55,532.6,9581907.0,NFLX,XNAS,2020-09-01 00:00:00+00:00
553.78,556.5,537.369,552.84,5886930.0,556.5,537.369,552.84,553.78,5886930.0,NFLX,XNAS,2020-09-02 00:00:00+00:00
545.0,554.0,521.32,525.75,9071089.0,554.0,521.32,525.75,545.0,9071089.0,NFLX,XNAS,2020-09-03 00:00:00+00:00
520.18,527.36,485.98,516.05,8270118.0,527.36,485.98,516.05,520.18,8270118.0,NFLX,XNAS,2020-09-04 00:00:00+00:00
498.4,522.0,495.0,507.02,5572684.0,522.0,495.0,507.02,498.4,5572684.0,NFLX,XNAS,2020-09-08 00:00:00+00:00
519.21,520.0,492.5743,500.19,6848127.0,520.0,492.5743,500.19,519.21,6848127.0,NFLX,XNAS,2020-09-09 00:00:00+00:00
503.35,506.29,478.84,480.67,6240181.0,506.29,478.84,480.67,503.35,6240181.0,NFLX,XNAS,2020-09-10 00:00:00+00:00
486.485,493.73,476.81,482.03,5035200.0,493.73,476.81,482.03,486.485,5035200.0,NFLX,XNAS,2020-09-11 00:00:00+00:00
480.62,488.99,471.3001,476.26,7359126.0,488.99,471.3001,476.26,480.62,7359126.0,NFLX,XNAS,2020-09-14 00:00:00+00:00
484.0,497.47,481.63,495.99,5336992.0,497.47,481.63,495.99,484.0,5336992.0,NFLX,XNAS,2020-09-15 00:00:00+00:00
499.99,504.66,483.31,483.86,4401412.0,504.66,483.31,483.86,499.99,4401412.0,NFLX,XNAS,2020-09-16 00:00:00+00:00
475.16,478.4,463.27,470.2,5379301.0,478.4,463.27,470.2,475.16,5379301.0,NFLX,XNAS,2020-09-17 00:00:00+00:00
472.51,479.4,458.6,469.96,6717711.0,479.4,458.6,469.96,472.51,6717711.0,NFLX,XNAS,2020-09-18 00:00:00+00:00
467.6923,487.775,466.32,487.35,5457539.0,487.775,466.32,487.35,467.6923,5457539.0,NFLX,XNAS,2020-09-21 00:00:00+00:00
489.01,491.82,479.26,491.17,3482324.0,491.82,479.26,491.17,489.01,3482324.0,NFLX,XNAS,2020-09-22 00:00:00+00:00
491.04,491.04,469.0,470.61,3726423.0,491.04,469.0,470.61,491.04,3726423.0,NFLX,XNAS,2020-09-23 00:00:00+00:00
470.53,477.0,467.82,473.08,3727201.0,477.0,467.82,473.08,470.53,3727201.0,NFLX,XNAS,2020-09-24 00:00:00+00:00
474.39,484.87,468.0258,482.88,3769436.0,484.87,468.0258,482.88,474.39,3769436.0,NFLX,XNAS,2020-09-25 00:00:00+00:00
489.1094,492.0,477.88,490.65,4773497.0,492.0,477.88,490.65,489.1094,4773497.0,NFLX,XNAS,2020-09-28 00:00:00+00:00
489.5,496.2868,486.53,493.48,3543193.0,496.2868,486.53,493.48,489.5,3543193.0,NFLX,XNAS,2020-09-29 00:00:00+00:00
492.57,504.63,489.2704,500.03,4634111.0,504.63,489.2704,500.03,492.57,4634111.0,NFLX,XNAS,2020-09-30 00:00:00+00:00
506.03,529.55,503.6,527.51,8153710.0,529.55,503.6,527.51,506.03,8153710.0,NFLX,XNAS,2020-10-01 00:00:00+00:00
516.43,526.3714,502.7,503.06,6071165.0,526.3714,502.7,503.06,516.43,6071165.0,NFLX,XNAS,2020-10-02 00:00:00+00:00
506.8,520.99,501.6997,520.65,4088069.0,520.99,501.6997,520.65,506.8,4088069.0,NFLX,XNAS,2020-10-05 00:00:00+00:00
518.72,521.82,504.16,505.87,4199034.0,521.82,504.16,505.87,518.72,4199034.0,NFLX,XNAS,2020-10-06 00:00:00+00:00
518.0,536.49,515.815,534.66,7988683.0,536.49,515.815,534.66,518.0,7988683.0,NFLX,XNAS,2020-10-07 00:00:00+00:00
533.48,535.0,524.15,531.79,5386488.0,535.0,524.15,531.79,533.48,5386488.0,NFLX,XNAS,2020-10-08 00:00:00+00:00
537.8339,544.28,535.0,539.44,4781259.0,544.28,535.0,539.44,537.8339,4781259.0,NFLX,XNAS,2020-10-09 00:00:00+00:00
548.81,551.81,538.24,539.81,5391074.0,551.81,538.24,539.81,548.81,5391074.0,NFLX,XNAS,2020-10-12 00:00:00+00:00
540.56,557.65,537.2,554.09,5602498.0,557.65,537.2,554.09,540.56,5602498.0,NFLX,XNAS,2020-10-13 00:00:00+00:00
562.61,572.49,541.0,541.45,9510081.0,572.49,541.0,541.45,562.61,9510081.0,NFLX,XNAS,2020-10-14 00:00:00+00:00
545.52,551.22,535.1,541.94,5113126.0,551.22,535.1,541.94,545.52,5113126.0,NFLX,XNAS,2020-10-15 00:00:00+00:00
549.5,554.33,530.03,530.79,6347363.0,554.33,530.03,530.79,549.5,6347363.0,NFLX,XNAS,2020-10-16 00:00:00+00:00
537.07,541.8,525.38,530.72,7567506.0,541.8,525.38,530.72,537.07,7567506.0,NFLX,XNAS,2020-10-19 00:00:00+00:00
528.14,533.78,522.26,525.42,10047175.0,533.78,522.26,525.42,528.14,10047175.0,NFLX,XNAS,2020-10-20 00:00:00+00:00
501.03,506.85,488.25,489.05,17405708.0,506.85,488.25,489.05,501.03,17405708.0,NFLX,XNAS,2020-10-21 00:00:00+00:00
494.69,495.14,482.0,485.23,6997922.0,495.14,482.0,485.23,494.69,6997922.0,NFLX,XNAS,2020-10-22 00:00:00+00:00
488.11,490.06,481.35,488.28,4927862.0,490.06,481.35,488.28,488.11,4927862.0,NFLX,XNAS,2020-10-23 00:00:00+00:00
487.025,496.82,478.9,488.24,6186087.0,496.82,478.9,488.24,487.025,6186087.0,NFLX,XNAS,2020-10-26 00:00:00+00:00
490.01,490.49,482.93,488.93,3627175.0,490.49,482.93,488.93,490.01,3627175.0,NFLX,XNAS,2020-10-27 00:00:00+00:00
486.36,494.0,483.28,486.24,5992731.0,494.0,483.28,486.24,486.36,5992731.0,NFLX,XNAS,2020-10-28 00:00:00+00:00
488.5,513.8999,479.34,504.21,11120689.0,513.8999,479.34,504.21,488.5,11120689.0,NFLX,XNAS,2020-10-29 00:00:00+00:00
502.01,505.88,472.21,475.74,7813897.0,505.88,472.21,475.74,502.01,7813897.0,NFLX,XNAS,2020-10-30 00:00:00+00:00
478.87,486.3,475.0,484.12,4408193.0,486.3,475.0,484.12,478.87,4408193.0,NFLX,XNAS,2020-11-02 00:00:00+00:00
484.93,495.305,478.76,487.22,3690213.0,495.305,478.76,487.22,484.93,3690213.0,NFLX,XNAS,2020-11-03 00:00:00+00:00
495.36,507.73,493.98,496.95,5137330.0,507.73,493.98,496.95,495.36,5137330.0,NFLX,XNAS,2020-11-04 00:00:00+00:00
506.56,518.7337,503.45,513.76,5372781.0,518.7337,503.45,513.76,506.56,5372781.0,NFLX,XNAS,2020-11-05 00:00:00+00:00
515.0,515.21,502.51,514.73,4236349.0,515.21,502.51,514.73,515.0,4236349.0,NFLX,XNAS,2020-11-06 00:00:00+00:00
485.54,495.85,467.26,470.5,10419676.0,495.85,467.26,470.5,485.54,10419676.0,NFLX,XNAS,2020-11-09 00:00:00+00:00
470.95,484.6,463.41,480.24,8306142.0,484.6,463.41,480.24,470.95,8306142.0,NFLX,XNAS,2020-11-10 00:00:00+00:00
483.0,491.68,478.26,490.76,5460532.0,491.68,478.26,490.76,483.0,5460532.0,NFLX,XNAS,2020-11-11 00:00:00+00:00
491.0,496.52,480.4255,486.77,5071155.0,496.52,480.4255,486.77,491.0,5071155.0,NFLX,XNAS,2020-11-12 00:00:00+00:00
486.77,488.94,477.8,482.84,3006510.0,488.94,477.8,482.84,486.77,3006510.0,NFLX,XNAS,2020-11-13 00:00:00+00:00
480.0,485.58,477.3,479.1,3953563.0,485.58,477.3,479.1,480.0,3953563.0,NFLX,XNAS,2020-11-16 00:00:00+00:00
480.12,487.51,478.8525,480.63,3698082.0,487.51,478.8525,480.63,480.12,3698082.0,NFLX,XNAS,2020-11-17 00:00:00+00:00
481.95,488.61,477.7212,481.79,3629237.0,488.61,477.7212,481.79,481.95,3629237.0,NFLX,XNAS,2020-11-18 00:00:00+00:00
482.0,487.8,480.47,484.67,2254653.0,487.8,480.47,484.67,482.0,2254653.0,NFLX,XNAS,2020-11-19 00:00:00+00:00
485.22,494.76,481.57,488.24,4255924.0,494.76,481.57,488.24,485.22,4255924.0,NFLX,XNAS,2020-11-20 00:00:00+00:00
490.46,491.15,475.84,476.62,5416571.0,491.15,475.84,476.62,490.46,5416571.0,NFLX,XNAS,2020-11-23 00:00:00+00:00
478.84,484.05,475.89,482.88,3462363.0,484.05,475.89,482.88,478.84,3462363.0,NFLX,XNAS,2020-11-24 00:00:00+00:00
485.13,486.9,478.919,485.0,3598629.0,486.9,478.919,485.0,485.13,3598629.0,NFLX,XNAS,2020-11-25 00:00:00+00:00
486.58,493.25,481.845,491.36,2805762.0,493.25,481.845,491.36,486.58,2805762.0,NFLX,XNAS,2020-11-27 00:00:00+00:00
490.08,492.55,481.2678,490.7,3530940.0,492.55,481.2678,490.7,490.08,3530940.0,NFLX,XNAS,2020-11-30 00:00:00+00:00
492.3404,509.47,491.9812,504.58,4904884.0,509.47,491.9812,504.58,492.3404,4904884.0,NFLX,XNAS,2020-12-01 00:00:00+00:00
501.62,506.795,493.5,503.38,3028358.0,506.795,493.5,503.38,501.62,3028358.0,NFLX,XNAS,2020-12-02 00:00:00+00:00
442.95,445.47,431.83,434.0,8862763.0,445.3411117541,431.7050582278,433.8744303797,442.821840868,8862763.0,NVDA,XNAS,2020-08-11 00:00:00+00:00
439.63,458.68,438.33,457.61,11623573.0,458.5472896926,438.2031775769,457.4775992767,439.5028014467,11623573.0,NVDA,XNAS,2020-08-12 00:00:00+00:00
461.84,468.87,454.23,457.72,9361489.0,468.7343414105,454.0985772152,457.5875674503,461.7063754069,9361489.0,NVDA,XNAS,2020-08-13 00:00:00+00:00
461.2,468.19,457.62,462.56,9160904.0,468.0545381555,457.4875963834,462.4261670886,461.0665605787,9160904.0,NVDA,XNAS,2020-08-14 00:00:00+00:00
474.05,496.39,472.6876,493.48,15417858.0,496.2463790235,472.5508368608,493.3372209765,473.9128426763,15417858.0,NVDA,XNAS,2020-08-17 00:00:00+00:00
498.0,499.84,483.45,490.43,12586155.0,499.6953808318,483.3101229656,490.2881034358,497.8559132007,12586155.0,NVDA,XNAS,2020-08-18 00:00:00+00:00
491.86,492.6,483.92,485.54,15565558.0,492.4574755877,483.7799869801,485.399518264,491.7176896926,15565558.0,NVDA,XNAS,2020-08-19 00:00:00+00:00
479.0,495.0,475.15,485.64,23034656.0,494.8567811935,475.0125244123,485.4994893309,478.8614104882,23034656.0,NVDA,XNAS,2020-08-20 00:00:00+00:00
488.07,512.348,487.8064,507.34,24996738.0,512.1997618807,487.6652625244,507.1932108499,487.9287862568,24996738.0,NVDA,XNAS,2020-08-21 00:00:00+00:00
515.35,516.5,500.3,508.81,12264105.0,516.3505605787,500.1552477396,508.6627855335,515.2008933092,12264105.0,NVDA,XNAS,2020-08-24 00:00:00+00:00
505.23,510.45,502.95,510.0,7226920.0,510.3023110307,502.8044810127,509.8524412297,505.0838213382,7226920.0,NVDA,XNAS,2020-08-25 00:00:00+00:00
511.9694,514.7396,507.11,510.92,8031073.0,514.5906699168,506.963277396,510.7721750452,511.8212714213,8031073.0,NVDA,XNAS,2020-08-26 00:00:00+00:00
511.26,514.0,502.6573,505.13,7940073.0,513.851283906,502.5118656998,504.9838502712,511.1120766727,7940073.0,NVDA,XNAS,2020-08-27 00:00:00+00:00
506.9965,525.92,505.7,525.91,13428963.0,525.7678350814,505.5536853526,525.7578379747,506.8498102351,13428963.0,NVDA,XNAS,2020-08-28 00:00:00+00:00
527.3114,543.0,521.51,534.98,12521030.0,542.8428933092,521.3591110307,534.8252137432,527.1588325063,12521030.0,NVDA,XNAS,2020-08-31 00:00:00+00:00
539.2,559.75,537.46,552.84,12811849.0,559.75,537.46,552.84,539.2,12811849.0,NVDA,XNAS,2020-09-01 00:00:00+00:00
588.15,589.0699,556.0,573.86,21850322.0,589.0699,556.0,573.86,588.15,21850322.0,NVDA,XNAS,2020-09-02 00:00:00+00:00
553.1454,555.38,515.15,520.62,23628151.0,555.38,515.15,520.62,553.1454,23628151.0,NVDA,XNAS,2020-09-03 00:00:00+00:00
511.35,527.0,468.19,504.9,36592071.0,527.0,468.19,504.9,511.35,36592071.0,NVDA,XNAS,2020-09-04 00:00:00+00:00
469.38,502.0,468.17,476.52,19893237.0,502.0,468.17,476.52,469.38,19893237.0,NVDA,XNAS,2020-09-08 00:00:00+00:00
496.0,512.37,489.27,508.6,18404957.0,512.37,489.27,508.6,496.0,18404957.0,NVDA,XNAS,2020-09-09 00:00:00+00:00
519.57,522.61,486.68,492.47,17467111.0,522.61,486.68,492.47,519.57,17467111.0,NVDA,XNAS,2020-09-10 00:00:00+00:00
499.42,506.1,475.83,486.58,15923172.0,506.1,475.83,486.58,499.42,15923172.0,NVDA,XNAS,2020-09-11 00:00:00+00:00
523.24,532.6,505.2457,514.89,30043624.0,532.6,505.2457,514.89,523.24,30043624.0,NVDA,XNAS,2020-09-14 00:00:00+00:00
531.2,531.95,513.11,519.64,18188914.0,531.95,513.11,519.64,531.2,18188914.0,NVDA,XNAS,2020-09-15 00:00:00+00:00
518.29,523.71,500.55,500.58,13939985.0,523.71,500.55,500.58,518.29,13939985.0,NVDA,XNAS,2020-09-16 00:00:00+00:00
485.2894,503.59,481.39,498.54,19812794.0,503.59,481.39,498.54,485.2894,19812794.0,NVDA,XNAS,2020-09-17 00:00:00+00:00
503.75,505.3,479.55,487.57,17461548.0,505.3,479.55,487.57,503.75,17461548.0,NVDA,XNAS,2020-09-18 00:00:00+00:00
477.0,500.9,476.18,500.69,18026061.0,500.9,476.18,500.69,477.0,18026061.0,NVDA,XNAS,2020-09-21 00:00:00+00:00
503.0,505.9199,486.222,505.51,16161302.0,505.9199,486.222,505.51,503.0,16161302.0,NVDA,XNAS,2020-09-22 00:00:00+00:00
503.02,509.08,483.17,484.95,16175308.0,509.08,483.17,484.95,503.02,16175308.0,NVDA,XNAS,2020-09-23 00:00:00+00:00
482.89,502.78,480.56,493.92,18281008.0,502.78,480.56,493.92,482.89,18281008.0,NVDA,XNAS,2020-09-24 00:00:00+00:00
497.9,515.34,489.83,514.95,14700407.0,515.34,489.83,514.95,497.9,14700407.0,NVDA,XNAS,2020-09-25 00:00:00+00:00
521.61,522.07,510.0,521.4,14345228.0,522.07,510.0,521.4,521.61,14345228.0,NVDA,XNAS,2020-09-28 00:00:00+00:00
517.5,537.71,517.33,529.03,15575124.0,537.71,517.33,529.03,517.5,15575124.0,NVDA,XNAS,2020-09-29 00:00:00+00:00
526.3,544.9,526.01,541.22,17229603.0,544.9,526.01,541.22,526.3,17229603.0,NVDA,XNAS,2020-09-30 00:00:00+00:00
550.32,550.5095,538.4301,544.58,13125059.0,550.5095,538.4301,544.58,550.32,13125059.0,NVDA,XNAS,2020-10-01 00:00:00+00:00
529.0,540.78,522.04,522.49,13812397.0,540.78,522.04,522.49,529.0,13812397.0,NVDA,XNAS,2020-10-02 00:00:00+00:00
529.44,545.77,528.9106,545.7,11995457.0,545.77,528.9106,545.7,529.44,11995457.0,NVDA,XNAS,2020-10-05 00:00:00+00:00
553.2,565.68,546.6,549.46,19610496.0,565.68,546.6,549.46,553.2,19610496.0,NVDA,XNAS,2020-10-06 00:00:00+00:00
559.99,564.77,554.54,558.56,10452129.0,564.77,554.54,558.56,559.99,10452129.0,NVDA,XNAS,2020-10-07 00:00:00+00:00
563.0,563.38,550.32,553.55,9472522.0,563.38,550.32,553.55,563.0,9472522.0,NVDA,XNAS,2020-10-08 00:00:00+00:00
550.68,552.97,546.43,550.51,8672273.0,552.97,546.43,550.51,550.68,8672273.0,NVDA,XNAS,2020-10-09 00:00:00+00:00
559.58,573.88,556.5,569.04,10868595.0,573.88,556.5,569.04,559.58,10868595.0,NVDA,XNAS,2020-10-12 00:00:00+00:00
571.86,573.9399,560.745,569.93,8615078.0,573.9399,560.745,569.93,571.86,8615078.0,NVDA,XNAS,2020-10-13 00:00:00+00:00
571.62,573.71,558.4,563.81,6916178.0,573.71,558.4,563.81,571.62,6916178.0,NVDA,XNAS,2020-10-14 00:00:00+00:00
552.4272,560.23,550.71,558.8,6680628.0,560.23,550.71,558.8,552.4272,6680628.0,NVDA,XNAS,2020-10-15 00:00:00+00:00
561.47,564.86,551.7,552.46,6065990.0,564.86,551.7,552.46,561.47,6065990.0,NVDA,XNAS,2020-10-16 00:00:00+00:00
556.115,559.3399,536.27,539.91,7451714.0,559.3399,536.27,539.91,556.115,7451714.0,NVDA,XNAS,2020-10-19 00:00:00+00:00
543.34,551.99,540.2801,545.82,5730301.0,551.99,540.2801,545.82,543.34,5730301.0,NVDA,XNAS,2020-10-20 00:00:00+00:00
545.0,551.66,539.1001,540.99,5489933.0,551.66,539.1001,540.99,545.0,5489933.0,NVDA,XNAS,2020-10-21 00:00:00+00:00
540.9,544.47,529.27,534.44,7261986.0,544.47,529.27,534.44,540.9,7261986.0,NVDA,XNAS,2020-10-22 00:00:00+00:00
538.0,543.73,531.65,543.61,5837107.0,543.73,531.65,543.61,538.0,5837107.0,NVDA,XNAS,2020-10-23 00:00:00+00:00
537.08,547.7117,521.54,525.65,8422358.0,547.7117,521.54,525.65,537.08,8422358.0,NVDA,XNAS,2020-10-26 00:00:00+00:00
532.24,537.68,527.66,535.87,6262992.0,537.68,527.66,535.87,532.24,6262992.0,NVDA,XNAS,2020-10-27 00:00:00+00:00
527.92,530.4,504.36,505.08,9412952.0,530.4,504.36,505.08,527.92,9412952.0,NVDA,XNAS,2020-10-28 00:00:00+00:00
513.54,527.71,510.0,520.96,8002046.0,527.71,510.0,520.96,513.54,8002046.0,NVDA,XNAS,2020-10-29 00:00:00+00:00
514.0,517.455,492.0,501.36,10434900.0,517.455,492.0,501.36,514.0,10434900.0,NVDA,XNAS,2020-10-30 00:00:00+00:00
506.31,513.4663,495.8,503.23,7491316.0,513.4663,495.8,503.23,506.31,7491316.0,NVDA,XNAS,2020-11-02 00:00:00+00:00
508.34,524.2,504.11,520.78,6822527.0,524.2,504.11,520.78,508.34,6822527.0,NVDA,XNAS,2020-11-03 00:00:00+00:00
535.57,553.1,533.475,551.77,10255732.0,553.1,533.475,551.77,535.57,10255732.0,NVDA,XNAS,2020-11-04 00:00:00+00:00
566.5,573.56,559.64,566.4,7975708.0,573.56,559.64,566.4,566.5,7975708.0,NVDA,XNAS,2020-11-05 00:00:00+00:00
564.39,583.55,555.8,582.48,9583732.0,583.55,555.8,582.48,564.39,9583732.0,NVDA,XNAS,2020-11-06 00:00:00+00:00
582.1,587.66,544.43,545.23,14574447.0,587.66,544.43,545.23,582.1,14574447.0,NVDA,XNAS,2020-11-09 00:00:00+00:00
544.26,544.26,505.13,510.8,16101680.0,544.26,505.13,510.8,544.26,16101680.0,NVDA,XNAS,2020-11-10 00:00:00+00:00
522.15,537.395,517.93,536.72,10118586.0,537.395,517.93,536.72,522.15,10118586.0,NVDA,XNAS,2020-11-11 00:00:00+00:00
539.1569,550.64,532.64,538.27,9165875.0,550.64,532.64,538.27,539.1569,9165875.0,NVDA,XNAS,2020-11-12 00:00:00+00:00
545.0911,546.7499,522.37,531.88,8669058.0,546.7499,522.37,531.88,545.0911,8669058.0,NVDA,XNAS,2020-11-13 00:00:00+00:00
526.9,545.98,526.2401,540.61,10344370.0,545.98,526.2401,540.61,526.9,10344370.0,NVDA,XNAS,2020-11-16 00:00:00+00:00
542.1,543.85,532.1549,536.89,7800699.0,543.85,532.1549,536.89,542.1,7800699.0,NVDA,XNAS,2020-11-17 00:00:00+00:00
538.61,544.23,527.4,537.15,12773133.0,544.23,527.4,537.15,538.61,12773133.0,NVDA,XNAS,2020-11-18 00:00:00+00:00
528.51,539.5,524.0,537.61,14148355.0,539.5,524.0,537.61,528.51,14148355.0,NVDA,XNAS,2020-11-19 00:00:00+00:00
538.16,539.7799,522.6,523.51,8527245.0,539.7799,522.6,523.51,538.16,8527245.0,NVDA,XNAS,2020-11-20 00:00:00+00:00
526.8452,535.3,520.62,525.6,9033855.0,535.3,520.62,525.6,526.8452,9033855.0,NVDA,XNAS,2020-11-23 00:00:00+00:00
525.7,526.48,515.4,518.31,8568883.0,526.48,515.4,518.31,525.7,8568883.0,NVDA,XNAS,2020-11-24 00:00:00+00:00
521.3,530.7756,520.8,529.39,6497910.0,530.7756,520.8,529.39,521.3,6497910.0,NVDA,XNAS,2020-11-25 00:00:00+00:00
535.0,536.3,526.8218,530.45,4181880.0,536.3,526.8218,530.45,535.0,4181880.0,NVDA,XNAS,2020-11-27 00:00:00+00:00
530.6,536.5,518.8941,536.06,7173800.0,536.5,518.8941,536.06,530.6,7173800.0,NVDA,XNAS,2020-11-30 00:00:00+00:00
539.69,541.15,529.13,535.6,7412379.0,541.15,529.13,535.6,539.69,7412379.0,NVDA,XNAS,2020-12-01 00:00:00+00:00
534.02,546.9377,529.37,541.78,7084030.0,546.7744350149,529.2119791045,541.6182746269,533.8605910448,7084030.0,NVDA,XNAS,2020-12-02 00:00:00+00:00
192.0,193.535,186.52,189.03,9155292.0,193.535,186.52,189.03,192.0,9155292.0,PYPL,XNAS,2020-08-11 00:00:00+00:00
190.0,192.51,189.4,191.32,7939997.0,192.51,189.4,191.32,190.0,7939997.0,PYPL,XNAS,2020-08-12 00:00:00+00:00
192.1,195.13,191.48,193.07,10082355.0,195.13,191.48,193.07,192.1,10082355.0,PYPL,XNAS,2020-08-13 00:00:00+00:00
195.19,195.4687,190.51,191.46,4847965.0,195.4687,190.51,191.46,195.19,4847965.0,PYPL,XNAS,2020-08-14 00:00:00+00:00
193.92,197.42,193.25,196.29,6198365.0,197.42,193.25,196.29,193.92,6198365.0,PYPL,XNAS,2020-08-17 00:00:00+00:00
197.73,198.75,194.0,194.57,5362472.0,198.75,194.0,194.57,197.73,5362472.0,PYPL,XNAS,2020-08-18 00:00:00+00:00
195.06,196.84,191.92,192.44,6865340.0,196.84,191.92,192.44,195.06,6865340.0,PYPL,XNAS,2020-08-19 00:00:00+00:00
192.06,198.7,191.51,198.18,6772962.0,198.7,191.51,198.18,192.06,6772962.0,PYPL,XNAS,2020-08-20 00:00:00+00:00
197.93,199.0999,196.22,196.79,6092535.0,199.0999,196.22,196.79,197.93,6092535.0,PYPL,XNAS,2020-08-21 00:00:00+00:00
200.0,201.0988,196.57,198.88,5404075.0,201.0988,196.57,198.88,200.0,5404075.0,PYPL,XNAS,2020-08-24 00:00:00+00:00
198.49,201.96,196.24,201.67,5108202.0,201.96,196.24,201.67,198.49,5108202.0,PYPL,XNAS,2020-08-25 00:00:00+00:00
202.53,205.35,200.25,203.48,6072171.0,205.35,200.25,203.48,202.53,6072171.0,PYPL,XNAS,2020-08-26 00:00:00+00:00
206.81,207.0,202.3,204.34,6051898.0,207.0,202.3,204.34,206.81,6051898.0,PYPL,XNAS,2020-08-27 00:00:00+00:00
205.4159,205.4159,202.42,204.48,4581319.0,205.4159,202.42,204.48,205.4159,4581319.0,PYPL,XNAS,2020-08-28 00:00:00+00:00
203.7,205.2523,202.2984,204.14,5628727.0,205.2523,202.2984,204.14,203.7,5628727.0,PYPL,XNAS,2020-08-31 00:00:00+00:00
205.59,209.8799,205.145,208.93,6237911.0,209.8799,205.145,208.93,205.59,6237911.0,PYPL,XNAS,2020-09-01 00:00:00+00:00
211.6222,212.45,204.6,210.82,7219494.0,212.45,204.6,210.82,211.6222,7219494.0,PYPL,XNAS,2020-09-02 00:00:00+00:00
205.69,206.59,194.95,204.99,16006894.0,206.59,194.95,204.99,205.69,16006894.0,PYPL,XNAS,2020-09-03 00:00:00+00:00
200.985,201.84,182.85,191.84,17034108.0,201.84,182.85,191.84,200.985,17034108.0,PYPL,XNAS,2020-09-04 00:00:00+00:00
184.7,191.75,184.7,185.95,9282378.0,191.75,184.7,185.95,184.7,9282378.0,PYPL,XNAS,2020-09-08 00:00:00+00:00
191.0,195.75,187.3,194.6,8541960.0,195.75,187.3,194.6,191.0,8541960.0,PYPL,XNAS,2020-09-09 00:00:00+00:00
196.09,198.22,187.84,190.09,6580655.0,198.22,187.84,190.09,196.09,6580655.0,PYPL,XNAS,2020-09-10 00:00:00+00:00
191.462,192.1,180.93,184.0,8110351.0,192.1,180.93,184.0,191.462,8110351.0,PYPL,XNAS,2020-09-11 00:00:00+00:00
186.0,188.6,184.38,186.96,7053058.0,188.6,184.38,186.96,186.0,7053058.0,PYPL,XNAS,2020-09-14 00:00:00+00:00
190.05,190.45,184.18,186.02,7763369.0,190.45,184.18,186.02,190.05,7763369.0,PYPL,XNAS,2020-09-15 00:00:00+00:00
187.095,189.34,180.67,180.91,8174799.0,189.34,180.67,180.91,187.095,8174799.0,PYPL,XNAS,2020-09-16 00:00:00+00:00
176.63,178.74,173.79,175.79,11840100.0,178.74,173.79,175.79,176.63,11840100.0,PYPL,XNAS,2020-09-17 00:00:00+00:00
176.7,178.25,171.63,176.07,13557242.0,178.25,171.63,176.07,176.7,13557242.0,PYPL,XNAS,2020-09-18 00:00:00+00:00
174.84,183.45,174.08,183.21,13765625.0,183.45,174.08,183.21,174.84,13765625.0,PYPL,XNAS,2020-09-21 00:00:00+00:00
186.79,188.06,182.185,187.78,8939288.0,188.06,182.185,187.78,186.79,8939288.0,PYPL,XNAS,2020-09-22 00:00:00+00:00
188.39,188.47,181.1,181.61,6782378.0,188.47,181.1,181.61,188.39,6782378.0,PYPL,XNAS,2020-09-23 00:00:00+00:00
180.17,184.9,179.6,182.19,7374516.0,184.9,179.6,182.19,180.17,7374516.0,PYPL,XNAS,2020-09-24 00:00:00+00:00
182.4,187.92,180.13,187.25,7606454.0,187.92,180.13,187.25,182.4,7606454.0,PYPL,XNAS,2020-09-25 00:00:00+00:00
190.9996,192.47,188.09,192.02,7590637.0,192.47,188.09,192.02,190.9996,7590637.0,PYPL,XNAS,2020-09-28 00:00:00+00:00
192.64,195.78,191.11,194.5,6766102.0,195.78,191.11,194.5,192.64,6766102.0,PYPL,XNAS,2020-09-29 00:00:00+00:00
194.06,198.72,193.311,197.03,7939637.0,198.72,193.311,197.03,194.06,7939637.0,PYPL,XNAS,2020-09-30 00:00:00+00:00
199.26,201.27,196.2205,196.94,7268872.0,201.27,196.2205,196.94,199.26,7268872.0,PYPL,XNAS,2020-10-01 00:00:00+00:00
192.73,196.21,189.25,191.91,6546430.0,196.21,189.25,191.91,192.73,6546430.0,PYPL,XNAS,2020-10-02 00:00:00+00:00
193.55,196.91,192.16,196.85,5024054.0,196.91,192.16,196.85,193.55,5024054.0,PYPL,XNAS,2020-10-05 00:00:00+00:00
196.13,197.37,190.88,191.66,5921767.0,197.37,190.88,191.66,196.13,5921767.0,PYPL,XNAS,2020-10-06 00:00:00+00:00
193.91,195.71,193.33,194.61,4228748.0,195.71,193.33,194.61,193.91,4228748.0,PYPL,XNAS,2020-10-07 00:00:00+00:00
196.75,196.87,192.67,193.06,5582626.0,196.87,192.67,193.06,196.75,5582626.0,PYPL,XNAS,2020-10-08 00:00:00+00:00
194.36,197.35,192.6,197.27,7082372.0,197.35,192.6,197.27,194.36,7082372.0,PYPL,XNAS,2020-10-09 00:00:00+00:00
199.87,204.08,196.6323,201.51,10603246.0,204.08,196.6323,201.51,199.87,10603246.0,PYPL,XNAS,2020-10-12 00:00:00+00:00
202.44,209.02,200.11,207.74,8145300.0,209.02,200.11,207.74,202.44,8145300.0,PYPL,XNAS,2020-10-13 00:00:00+00:00
208.2035,208.948,200.5,203.6,8591824.0,208.948,200.5,203.6,208.2035,8591824.0,PYPL,XNAS,2020-10-14 00:00:00+00:00
199.99,203.48,198.128,203.14,7630531.0,203.48,198.128,203.14,199.99,7630531.0,PYPL,XNAS,2020-10-15 00:00:00+00:00
204.44,207.47,202.22,204.45,9663990.0,207.47,202.22,204.45,204.44,9663990.0,PYPL,XNAS,2020-10-16 00:00:00+00:00
205.52,207.23,199.1,200.06,6566682.0,207.23,199.1,200.06,205.52,6566682.0,PYPL,XNAS,2020-10-19 00:00:00+00:00
201.14,205.47,200.31,201.96,4867725.0,205.47,200.31,201.96,201.14,4867725.0,PYPL,XNAS,2020-10-20 00:00:00+00:00
208.3,215.83,206.02,213.07,17247188.0,215.83,206.02,213.07,208.3,17247188.0,PYPL,XNAS,2020-10-21 00:00:00+00:00
211.9,212.34,202.1403,203.93,12398290.0,212.34,202.1403,203.93,211.9,12398290.0,PYPL,XNAS,2020-10-22 00:00:00+00:00
206.24,206.24,201.21,203.04,6644745.0,206.24,201.21,203.04,206.24,6644745.0,PYPL,XNAS,2020-10-23 00:00:00+00:00
200.66,203.89,195.05,197.22,7715998.0,203.89,195.05,197.22,200.66,7715998.0,PYPL,XNAS,2020-10-26 00:00:00+00:00
198.79,201.32,197.72,200.43,4754359.0,201.32,197.72,200.43,198.79,4754359.0,PYPL,XNAS,2020-10-27 00:00:00+00:00
196.96,198.39,191.5,192.31,8050042.0,198.39,191.5,192.31,196.96,8050042.0,PYPL,XNAS,2020-10-28 00:00:00+00:00
194.08,197.59,192.31,195.04,7627102.0,197.59,192.31,195.04,194.08,7627102.0,PYPL,XNAS,2020-10-29 00:00:00+00:00
193.29,195.33,182.92,186.13,12041236.0,195.33,182.92,186.13,193.29,12041236.0,PYPL,XNAS,2020-10-30 00:00:00+00:00
189.01,192.705,185.05,187.76,14386024.0,192.705,185.05,187.76,189.01,14386024.0,PYPL,XNAS,2020-11-02 00:00:00+00:00
177.94,188.75,174.81,179.81,31655971.0,188.75,174.81,179.81,177.94,31655971.0,PYPL,XNAS,2020-11-03 00:00:00+00:00
186.76,195.0,184.1102,194.29,16106952.0,195.0,184.1102,194.29,186.76,16106952.0,PYPL,XNAS,2020-11-04 00:00:00+00:00
202.3,204.92,199.37,204.56,15188527.0,204.92,199.37,204.56,202.3,15188527.0,PYPL,XNAS,2020-11-05 00:00:00+00:00
204.6,204.92,198.55,202.73,8075064.0,204.92,198.55,202.73,204.6,8075064.0,PYPL,XNAS,2020-11-06 00:00:00+00:00
195.74,196.07,184.44,184.72,18986391.0,196.07,184.44,184.72,195.74,18986391.0,PYPL,XNAS,2020-11-09 00:00:00+00:00
184.98,186.71,178.6,183.36,13144319.0,186.71,178.6,183.36,184.98,13144319.0,PYPL,XNAS,2020-11-10 00:00:00+00:00
187.4981,193.1,186.4,192.34,9151685.0,193.1,186.4,192.34,187.4981,9151685.0,PYPL,XNAS,2020-11-11 00:00:00+00:00
193.95,194.9,188.43,189.1,7103620.0,194.9,188.43,189.1,193.95,7103620.0,PYPL,XNAS,2020-11-12 00:00:00+00:00
191.1069,191.7299,186.85,188.62,6020699.0,191.7299,186.85,188.62,191.1069,6020699.0,PYPL,XNAS,2020-11-13 00:00:00+00:00
185.19,192.38,183.54,191.94,10127757.0,192.38,183.54,191.94,185.19,10127757.0,PYPL,XNAS,2020-11-16 00:00:00+00:00
192.13,194.63,190.63,192.3,6448805.0,194.63,190.63,192.3,192.13,6448805.0,PYPL,XNAS,2020-11-17 00:00:00+00:00
192.59,192.95,189.54,190.12,8095357.0,192.95,189.54,190.12,192.59,8095357.0,PYPL,XNAS,2020-11-18 00:00:00+00:00
190.82,192.75,189.57,190.9,9391530.0,192.75,189.57,190.9,190.82,9391530.0,PYPL,XNAS,2020-11-19 00:00:00+00:00
192.47,194.73,190.96,192.67,11518655.0,194.73,190.96,192.67,192.47,11518655.0,PYPL,XNAS,2020-11-20 00:00:00+00:00
194.53,202.16,193.92,200.82,12019989.0,202.16,193.92,200.82,194.53,12019989.0,PYPL,XNAS,2020-11-23 00:00:00+00:00
204.0,207.0791,198.86,206.0,14662346.0,207.0791,198.86,206.0,204.0,14662346.0,PYPL,XNAS,2020-11-24 00:00:00+00:00
206.29,216.07,206.23,214.46,13817473.0,216.07,206.23,214.46,206.29,13817473.0,PYPL,XNAS,2020-11-25 00:00:00+00:00
213.2,213.84,208.62,211.39,5363151.0,213.84,208.62,211.39,213.2,5363151.0,PYPL,XNAS,2020-11-27 00:00:00+00:00
212.51,215.83,207.09,214.12,12976149.0,215.83,207.09,214.12,212.51,12976149.0,PYPL,XNAS,2020-11-30 00:00:00+00:00
217.15,220.57,214.3401,216.54,10103481.0,220.57,214.3401,216.54,217.15,10103481.0,PYPL,XNAS,2020-12-01 00:00:00+00:00
215.6,215.75,210.5,212.56,7537366.0,215.75,210.5,212.56,215.6,7537366.0,PYPL,XNAS,2020-12-02 00:00:00+00:00
1396.0,1420.0,1365.0,1374.39,8625834.0,284.0,273.0,274.878,279.2,43129170.0,TSLA,XNAS,2020-08-11 00:00:00+00:00
1470.0,1585.0,1435.0,1554.76,21898834.0,317.0,287.0,310.952,294.0,109494170.0,TSLA,XNAS,2020-08-12 00:00:00+00:00
1611.0,1651.18,1567.26,1621.0,20425308.0,330.236,313.452,324.2,322.2,102126540.0,TSLA,XNAS,2020-08-13 00:00:00+00:00
1664.99,1668.8,1626.64,1650.71,12577614.0,333.76,325.328,330.142,332.998,62888070.0,TSLA,XNAS,2020-08-14 00:00:00+00:00
1677.0,1845.86,1672.83,1835.64,20023104.0,369.172,334.566,367.128,335.4,100115520.0,TSLA,XNAS,2020-08-17 00:00:00+00:00
1898.99,1923.9,1845.11,1887.09,16474491.0,384.78,369.022,377.418,379.798,82372455.0,TSLA,XNAS,2020-08-18 00:00:00+00:00
1865.0,1911.0,1841.21,1878.53,12205331.0,382.2,368.242,375.706,373.0,61026655.0,TSLA,XNAS,2020-08-19 00:00:00+00:00
1860.68,2021.99,1857.06,2001.83,20611796.0,404.398,371.412,400.366,372.136,103058980.0,TSLA,XNAS,2020-08-20 00:00:00+00:00
2044.76,2095.49,2025.05,2049.98,21489559.0,419.098,405.01,409.996,408.952,107447795.0,TSLA,XNAS,2020-08-21 00:00:00+00:00
2126.275,2129.0,1927.52,2014.2,20063621.0,425.8,385.504,402.84,425.255,100318105.0,TSLA,XNAS,2020-08-24 00:00:00+00:00
1974.89,2027.95,1968.0,2023.34,10658893.0,405.59,393.6,404.668,394.978,53294465.0,TSLA,XNAS,2020-08-25 00:00:00+00:00
2060.0,2166.0,2053.6291,2153.17,14239382.0,433.2,410.72582,430.634,412.0,71196910.0,TSLA,XNAS,2020-08-26 00:00:00+00:00
2180.46,2295.6,2142.5,2238.75,23693043.0,459.12,428.5,447.75,436.092,118465215.0,TSLA,XNAS,2020-08-27 00:00:00+00:00
2295.12,2318.49,2186.52,2213.4,20081176.0,463.698,437.304,442.68,459.024,100405880.0,TSLA,XNAS,2020-08-28 00:00:00+00:00
444.61,500.14,440.11,498.32,115847020.0,500.14,440.11,498.32,444.61,115847020.0,TSLA,XNAS,2020-08-31 00:00:00+00:00
502.14,502.49,470.51,475.05,90119419.0,502.49,470.51,475.05,502.14,90119419.0,TSLA,XNAS,2020-09-01 00:00:00+00:00
478.99,479.04,405.1206,447.37,96176128.0,479.04,405.1206,447.37,478.99,96176128.0,TSLA,XNAS,2020-09-02 00:00:00+00:00
407.23,431.8,402.0,407.0,87596086.0,431.8,402.0,407.0,407.23,87596086.0,TSLA,XNAS,2020-09-03 00:00:00+00:00
402.81,428.0,372.0201,418.32,110321885.0,428.0,372.0201,418.32,402.81,110321885.0,TSLA,XNAS,2020-09-04 00:00:00+00:00
356.0,368.74,329.88,330.21,115465691.0,368.74,329.88,330.21,356.0,115465691.0,TSLA,XNAS,2020-09-08 00:00:00+00:00
356.6,369.0,341.51,366.28,79465769.0,369.0,341.51,366.28,356.6,79465769.0,TSLA,XNAS,2020-09-09 00:00:00+00:00
386.21,398.99,360.56,371.34,84930608.0,398.99,360.56,371.34,386.21,84930608.0,TSLA,XNAS,2020-09-10 00:00:00+00:00
381.94,382.5,360.5,372.72,60717459.0,382.5,360.5,372.72,381.94,60717459.0,TSLA,XNAS,2020-09-11 00:00:00+00:00
380.95,420.0,373.3,419.62,83020608.0,420.0,373.3,419.62,380.95,83020608.0,TSLA,XNAS,2020-09-14 00:00:00+00:00
436.56,461.94,430.7,449.76,97298228.0,461.94,430.7,449.76,436.56,97298228.0,TSLA,XNAS,2020-09-15 00:00:00+00:00
439.87,457.79,435.31,441.76,72546760.0,457.79,435.31,441.76,439.87,72546760.0,TSLA,XNAS,2020-09-16 00:00:00+00:00
415.6,437.79,408.0001,423.43,76779163.0,437.79,408.0001,423.43,415.6,76779163.0,TSLA,XNAS,2020-09-17 00:00:00+00:00
447.94,451.0,428.8,442.15,86406819.0,451.0,428.8,442.15,447.94,86406819.0,TSLA,XNAS,2020-09-18 00:00:00+00:00
453.13,455.68,407.07,449.39,109476800.0,455.68,407.07,449.39,453.13,109476800.0,TSLA,XNAS,2020-09-21 00:00:00+00:00
429.6,437.76,417.6001,424.23,79580795.0,437.76,417.6001,424.23,429.6,79580795.0,TSLA,XNAS,2020-09-22 00:00:00+00:00
405.16,412.15,375.8801,380.36,95074176.0,412.15,375.8801,380.36,405.16,95074176.0,TSLA,XNAS,2020-09-23 00:00:00+00:00
363.8,399.5,351.3,387.79,96561061.0,399.5,351.3,387.79,363.8,96561061.0,TSLA,XNAS,2020-09-24 00:00:00+00:00
393.47,408.7323,391.3,407.34,67208459.0,408.7323,391.3,407.34,393.47,67208459.0,TSLA,XNAS,2020-09-25 00:00:00+00:00
424.62,428.08,415.55,421.2,49719561.0,428.08,415.55,421.2,424.62,49719561.0,TSLA,XNAS,2020-09-28 00:00:00+00:00
416.0,428.5,411.6,419.07,50341404.0,428.5,411.6,419.07,416.0,50341404.0,TSLA,XNAS,2020-09-29 00:00:00+00:00
421.32,433.93,420.47,429.01,48145566.0,433.93,420.47,429.01,421.32,48145566.0,TSLA,XNAS,2020-09-30 00:00:00+00:00
440.76,448.88,434.42,448.16,50741454.0,448.88,434.42,448.16,440.76,50741454.0,TSLA,XNAS,2020-10-01 00:00:00+00:00
421.39,439.13,415.0,415.09,71430025.0,439.13,415.0,415.09,421.39,71430025.0,TSLA,XNAS,2020-10-02 00:00:00+00:00
423.35,433.64,419.33,425.68,44722786.0,433.64,419.33,425.68,423.35,44722786.0,TSLA,XNAS,2020-10-05 00:00:00+00:00
423.79,428.7799,406.05,413.98,49146259.0,428.7799,406.05,413.98,423.79,49146259.0,TSLA,XNAS,2020-10-06 00:00:00+00:00
419.87,429.9,413.845,425.3,43127709.0,429.9,413.845,425.3,419.87,43127709.0,TSLA,XNAS,2020-10-07 00:00:00+00:00
438.44,439.0,425.3,425.92,40421116.0,439.0,425.3,425.92,438.44,40421116.0,TSLA,XNAS,2020-10-08 00:00:00+00:00
430.13,434.5899,426.4601,434.0,28925656.0,434.5899,426.4601,434.0,430.13,28925656.0,TSLA,XNAS,2020-10-09 00:00:00+00:00
442.0,448.74,438.58,442.3,38791133.0,448.74,438.58,442.3,442.0,38791133.0,TSLA,XNAS,2020-10-12 00:00:00+00:00
443.35,448.89,436.6,446.65,34463665.0,448.89,436.6,446.65,443.35,34463665.0,TSLA,XNAS,2020-10-13 00:00:00+00:00
449.78,465.9,447.35,461.3,48045394.0,465.9,447.35,461.3,449.78,48045394.0,TSLA,XNAS,2020-10-14 00:00:00+00:00
450.31,456.57,442.5,448.88,35672354.0,456.57,442.5,448.88,450.31,35672354.0,TSLA,XNAS,2020-10-15 00:00:00+00:00
454.44,455.9499,438.85,439.67,32775879.0,455.9499,438.85,439.67,454.44,32775879.0,TSLA,XNAS,2020-10-16 00:00:00+00:00
446.24,447.0,428.87,430.83,36287843.0,447.0,428.87,430.83,446.24,36287843.0,TSLA,XNAS,2020-10-19 00:00:00+00:00
431.75,431.75,419.0501,421.94,31656289.0,431.75,419.0501,421.94,431.75,31656289.0,TSLA,XNAS,2020-10-20 00:00:00+00:00
422.7,432.95,421.25,422.64,32370461.0,432.95,421.25,422.64,422.7,32370461.0,TSLA,XNAS,2020-10-21 00:00:00+00:00
441.92,445.23,424.51,425.79,39993191.0,445.23,424.51,425.79,441.92,39993191.0,TSLA,XNAS,2020-10-22 00:00:00+00:00
421.84,422.8859,407.3801,420.63,33716980.0,422.8859,407.3801,420.63,421.84,33716980.0,TSLA,XNAS,2020-10-23 00:00:00+00:00
411.63,425.76,410.0,420.28,28239161.0,425.76,410.0,420.28,411.63,28239161.0,TSLA,XNAS,2020-10-26 00:00:00+00:00
423.76,430.5,420.1,424.68,22686506.0,430.5,420.1,424.68,423.76,22686506.0,TSLA,XNAS,2020-10-27 00:00:00+00:00
416.48,418.6,406.0,406.02,25451409.0,418.6,406.0,406.02,416.48,25451409.0,TSLA,XNAS,2020-10-28 00:00:00+00:00
409.96,418.06,406.46,410.83,22655308.0,418.06,406.46,410.83,409.96,22655308.0,TSLA,XNAS,2020-10-29 00:00:00+00:00
406.8954,407.5915,379.11,388.04,42587639.0,407.5915,379.11,388.04,406.8954,42587639.0,TSLA,XNAS,2020-10-30 00:00:00+00:00
394.0,406.9799,392.3,400.51,29021118.0,406.9799,392.3,400.51,394.0,29021118.0,TSLA,XNAS,2020-11-02 00:00:00+00:00
409.73,427.77,406.69,423.9,34351715.0,427.77,406.69,423.9,409.73,34351715.0,TSLA,XNAS,2020-11-03 00:00:00+00:00
430.62,435.4,417.1,420.98,32143057.0,435.4,417.1,420.98,430.62,32143057.0,TSLA,XNAS,2020-11-04 00:00:00+00:00
428.3,440.0,424.0001,438.09,28414523.0,440.0,424.0001,438.09,428.3,28414523.0,TSLA,XNAS,2020-11-05 00:00:00+00:00
436.1,436.57,424.28,429.95,21706014.0,436.57,424.28,429.95,436.1,21706014.0,TSLA,XNAS,2020-11-06 00:00:00+00:00
439.5,452.5,421.0,421.26,34833025.0,452.5,421.0,421.26,439.5,34833025.0,TSLA,XNAS,2020-11-09 00:00:00+00:00
420.09,420.09,396.0301,410.36,30284224.0,420.09,396.0301,410.36,420.09,30284224.0,TSLA,XNAS,2020-11-10 00:00:00+00:00
416.45,418.695,410.58,417.13,17357722.0,418.695,410.58,417.13,416.45,17357722.0,TSLA,XNAS,2020-11-11 00:00:00+00:00
415.05,423.0,409.52,411.76,19940500.0,423.0,409.52,411.76,415.05,19940500.0,TSLA,XNAS,2020-11-12 00:00:00+00:00
410.85,412.5319,401.66,408.5,19830351.0,412.5319,401.66,408.5,410.85,19830351.0,TSLA,XNAS,2020-11-13 00:00:00+00:00
408.93,412.45,404.0868,408.09,26838635.0,412.45,404.0868,408.09,408.93,26838635.0,TSLA,XNAS,2020-11-16 00:00:00+00:00
460.17,462.0,433.01,441.61,61188281.0,462.0,433.01,441.61,460.17,61188281.0,TSLA,XNAS,2020-11-17 00:00:00+00:00
448.35,496.0,443.5001,486.64,78044024.0,496.0,443.5001,486.64,448.35,78044024.0,TSLA,XNAS,2020-11-18 00:00:00+00:00
492.0,508.6112,487.57,499.27,62475346.0,508.6112,487.57,499.27,492.0,62475346.0,TSLA,XNAS,2020-11-19 00:00:00+00:00
497.99,502.5,489.06,489.61,32911922.0,502.5,489.06,489.61,497.99,32911922.0,TSLA,XNAS,2020-11-20 00:00:00+00:00
503.5,526.0,501.79,521.85,50260304.0,526.0,501.79,521.85,503.5,50260304.0,TSLA,XNAS,2020-11-23 00:00:00+00:00
540.4,559.99,526.2,555.38,52058771.0,559.99,526.2,555.38,540.4,52058771.0,TSLA,XNAS,2020-11-24 00:00:00+00:00
550.06,574.0,545.37,574.0,48930162.0,574.0,545.37,574.0,550.06,48930162.0,TSLA,XNAS,2020-11-25 00:00:00+00:00
581.16,598.78,578.45,585.76,37561078.0,598.78,578.45,585.76,581.16,37561078.0,TSLA,XNAS,2020-11-27 00:00:00+00:00
602.21,607.8,554.51,567.6,63003052.0,607.8,554.51,567.6,602.21,63003052.0,TSLA,XNAS,2020-11-30 00:00:00+00:00
597.59,597.85,572.05,584.76,39133346.0,597.85,572.05,584.76,597.59,39133346.0,TSLA,XNAS,2020-12-01 00:00:00+00:00
556.44,571.54,541.21,568.82,47775653.0,571.54,541.21,568.82,556.44,47775653.0,TSLA,XNAS,2020-12-02 00:00:00+00:00
132.59,132.87,129.7303,130.2,8422751.0,132.87,129.7303,130.2,132.59,8422751.0,WMT,XNYS,2020-08-11 00:00:00+00:00
130.47,132.23,129.08,131.89,6334710.0,132.23,129.08,131.89,130.47,6334710.0,WMT,XNYS,2020-08-12 00:00:00+00:00
131.21,131.96,130.73,131.85,6587953.0,131.96,130.73,131.85,131.21,6587953.0,WMT,XNYS,2020-08-13 00:00:00+00:00
132.34,132.97,131.63,132.6,6670757.0,132.97,131.63,132.6,132.34,6670757.0,WMT,XNYS,2020-08-14 00:00:00+00:00
134.35,136.13,133.85,135.6,12721145.0,136.13,133.85,135.6,134.35,12721145.0,WMT,XNYS,2020-08-17 00:00:00+00:00
136.17,137.6323,133.17,134.71,26660397.0,137.6323,133.17,134.71,136.17,26660397.0,WMT,XNYS,2020-08-18 00:00:00+00:00
134.21,134.66,131.855,132.41,12654908.0,134.66,131.855,132.41,134.21,12654908.0,WMT,XNYS,2020-08-19 00:00:00+00:00
131.21,132.07,130.05,130.57,8884261.0,132.07,130.05,130.57,131.21,8884261.0,WMT,XNYS,2020-08-20 00:00:00+00:00
130.55,132.67,130.1,131.63,8120384.0,132.67,130.1,131.63,130.55,8120384.0,WMT,XNYS,2020-08-21 00:00:00+00:00
132.25,132.48,130.33,131.33,6521221.0,132.48,130.33,131.33,132.25,6521221.0,WMT,XNYS,2020-08-24 00:00:00+00:00
130.8,131.2367,129.67,130.63,7220666.0,131.2367,129.67,130.63,130.8,7220666.0,WMT,XNYS,2020-08-25 00:00:00+00:00
130.21,130.88,129.7,130.7,6231638.0,130.88,129.7,130.7,130.21,6231638.0,WMT,XNYS,2020-08-26 00:00:00+00:00
131.08,139.35,130.9,136.63,39149241.0,139.35,130.9,136.63,131.08,39149241.0,WMT,XNYS,2020-08-27 00:00:00+00:00
141.0,141.07,137.84,140.3,21228332.0,141.07,137.84,140.3,141.0,21228332.0,WMT,XNYS,2020-08-28 00:00:00+00:00
137.48,138.89,135.53,138.85,14870799.0,138.89,135.53,138.85,137.48,14870799.0,WMT,XNYS,2020-08-31 00:00:00+00:00
141.2,149.59,140.05,147.59,35193624.0,149.59,140.05,147.59,141.2,35193624.0,WMT,XNYS,2020-09-01 00:00:00+00:00
151.25,151.33,145.61,147.68,17041858.0,151.33,145.61,147.68,151.25,17041858.0,WMT,XNYS,2020-09-02 00:00:00+00:00
146.7,149.6,141.81,144.54,15760257.0,149.6,141.81,144.54,146.7,15760257.0,WMT,XNYS,2020-09-03 00:00:00+00:00
144.02,145.0382,140.1,142.83,11246267.0,145.0382,140.1,142.83,144.02,11246267.0,WMT,XNYS,2020-09-04 00:00:00+00:00
141.41,141.9,138.26,138.45,11232228.0,141.9,138.26,138.45,141.41,11232228.0,WMT,XNYS,2020-09-08 00:00:00+00:00
140.09,142.61,139.45,139.89,11223034.0,142.61,139.45,139.89,140.09,11223034.0,WMT,XNYS,2020-09-09 00:00:00+00:00
140.06,140.535,136.5857,136.81,11236417.0,140.535,136.5857,136.81,140.06,11236417.0,WMT,XNYS,2020-09-10 00:00:00+00:00
137.05,138.44,135.55,136.7,9588660.0,138.44,135.55,136.7,137.05,9588660.0,WMT,XNYS,2020-09-11 00:00:00+00:00
136.14,141.1,135.88,137.32,15186262.0,141.1,135.88,137.32,136.14,15186262.0,WMT,XNYS,2020-09-14 00:00:00+00:00
138.23,139.0799,136.68,137.36,10063724.0,139.0799,136.68,137.36,138.23,10063724.0,WMT,XNYS,2020-09-15 00:00:00+00:00
138.41,138.6825,136.05,136.26,9273266.0,138.6825,136.05,136.26,138.41,9273266.0,WMT,XNYS,2020-09-16 00:00:00+00:00
135.43,137.57,135.02,136.69,12207169.0,137.57,135.02,136.69,135.43,12207169.0,WMT,XNYS,2020-09-17 00:00:00+00:00
136.44,137.53,134.75,135.29,18117937.0,137.53,134.75,135.29,136.44,18117937.0,WMT,XNYS,2020-09-18 00:00:00+00:00
136.5,137.24,135.29,137.07,15697931.0,137.24,135.29,137.07,136.5,15697931.0,WMT,XNYS,2020-09-21 00:00:00+00:00
137.07,138.99,136.57,138.31,11034018.0,138.99,136.57,138.31,137.07,11034018.0,WMT,XNYS,2020-09-22 00:00:00+00:00
139.0,139.24,135.8193,135.99,7711108.0,139.24,135.8193,135.99,139.0,7711108.0,WMT,XNYS,2020-09-23 00:00:00+00:00
135.73,137.795,135.07,136.7,9817694.0,137.795,135.07,136.7,135.73,9817694.0,WMT,XNYS,2020-09-24 00:00:00+00:00
136.52,137.535,135.96,137.27,7539596.0,137.535,135.96,137.27,136.52,7539596.0,WMT,XNYS,2020-09-25 00:00:00+00:00
137.16,138.05,136.72,137.25,7065659.0,138.05,136.72,137.25,137.16,7065659.0,WMT,XNYS,2020-09-28 00:00:00+00:00
137.25,138.14,136.39,137.14,9240908.0,138.14,136.39,137.14,137.25,9240908.0,WMT,XNYS,2020-09-29 00:00:00+00:00
137.39,141.74,137.2014,139.91,11608817.0,141.74,137.2014,139.91,137.39,11608817.0,WMT,XNYS,2020-09-30 00:00:00+00:00
140.8,144.3799,140.26,143.08,14430333.0,144.3799,140.26,143.08,140.8,14430333.0,WMT,XNYS,2020-10-01 00:00:00+00:00
142.34,143.1,140.1297,140.5,8194974.0,143.1,140.1297,140.5,142.34,8194974.0,WMT,XNYS,2020-10-02 00:00:00+00:00
141.29,142.1899,141.065,141.8,4753039.0,142.1899,141.065,141.8,141.29,4753039.0,WMT,XNYS,2020-10-05 00:00:00+00:00
141.87,142.9399,140.25,140.63,7158481.0,142.9399,140.25,140.63,141.87,7158481.0,WMT,XNYS,2020-10-06 00:00:00+00:00
141.26,141.55,140.25,140.89,5649732.0,141.55,140.25,140.89,141.26,5649732.0,WMT,XNYS,2020-10-07 00:00:00+00:00
141.51,142.09,141.12,141.36,4892290.0,142.09,141.12,141.36,141.51,4892290.0,WMT,XNYS,2020-10-08 00:00:00+00:00
141.66,143.34,141.56,142.78,4831602.0,143.34,141.56,142.78,141.66,4831602.0,WMT,XNYS,2020-10-09 00:00:00+00:00
143.02,145.39,143.02,144.25,6134149.0,145.39,143.02,144.25,143.02,6134149.0,WMT,XNYS,2020-10-12 00:00:00+00:00
144.68,146.605,144.36,146.23,7933449.0,146.605,144.36,146.23,144.68,7933449.0,WMT,XNYS,2020-10-13 00:00:00+00:00
146.4,146.525,143.7601,143.94,6574109.0,146.525,143.7601,143.94,146.4,6574109.0,WMT,XNYS,2020-10-14 00:00:00+00:00
143.09,144.96,142.8374,144.53,4568475.0,144.96,142.8374,144.53,143.09,4568475.0,WMT,XNYS,2020-10-15 00:00:00+00:00
145.4,146.15,144.47,144.71,5647341.0,146.15,144.47,144.71,145.4,5647341.0,WMT,XNYS,2020-10-16 00:00:00+00:00
145.1,145.37,142.751,142.95,4881070.0,145.37,142.751,142.95,145.1,4881070.0,WMT,XNYS,2020-10-19 00:00:00+00:00
144.11,145.53,143.62,143.9,4843212.0,145.53,143.62,143.9,144.11,4843212.0,WMT,XNYS,2020-10-20 00:00:00+00:00
143.84,145.7259,143.84,144.4,4371427.0,145.7259,143.84,144.4,143.84,4371427.0,WMT,XNYS,2020-10-21 00:00:00+00:00
144.19,144.56,142.69,143.55,4451577.0,144.56,142.69,143.55,144.19,4451577.0,WMT,XNYS,2020-10-22 00:00:00+00:00
143.97,144.14,142.85,143.85,3513489.0,144.14,142.85,143.85,143.97,3513489.0,WMT,XNYS,2020-10-23 00:00:00+00:00
142.84,143.124,140.94,142.16,5370597.0,143.124,140.94,142.16,142.84,5370597.0,WMT,XNYS,2020-10-26 00:00:00+00:00
142.05,143.7,141.97,142.87,3943651.0,143.7,141.97,142.87,142.05,3943651.0,WMT,XNYS,2020-10-27 00:00:00+00:00
140.96,142.13,139.88,140.04,5616441.0,142.13,139.88,140.04,140.96,5616441.0,WMT,XNYS,2020-10-28 00:00:00+00:00
140.0,141.11,138.7,139.92,5051348.0,141.11,138.7,139.92,140.0,5051348.0,WMT,XNYS,2020-10-29 00:00:00+00:00
139.18,140.09,137.37,138.75,6202739.0,140.09,137.37,138.75,139.18,6202739.0,WMT,XNYS,2020-10-30 00:00:00+00:00
140.59,140.81,139.03,140.4,5525218.0,140.81,139.03,140.4,140.59,5525218.0,WMT,XNYS,2020-11-02 00:00:00+00:00
141.65,144.16,141.57,142.78,5137741.0,144.16,141.57,142.78,141.65,5137741.0,WMT,XNYS,2020-11-03 00:00:00+00:00
141.57,144.39,141.3361,141.96,5975827.0,144.39,141.3361,141.96,141.57,5975827.0,WMT,XNYS,2020-11-04 00:00:00+00:00
144.0,144.23,142.94,143.47,4734235.0,144.23,142.94,143.47,144.0,4734235.0,WMT,XNYS,2020-11-05 00:00:00+00:00
144.36,146.22,143.55,145.77,5399488.0,146.22,143.55,145.77,144.36,5399488.0,WMT,XNYS,2020-11-06 00:00:00+00:00
148.0,148.1992,143.48,143.54,9399524.0,148.1992,143.48,143.54,148.0,9399524.0,WMT,XNYS,2020-11-09 00:00:00+00:00
143.75,146.4371,143.5301,145.56,6066444.0,146.4371,143.5301,145.56,143.75,6066444.0,WMT,XNYS,2020-11-10 00:00:00+00:00
146.92,148.955,146.4,147.98,6268607.0,148.955,146.4,147.98,146.92,6268607.0,WMT,XNYS,2020-11-11 00:00:00+00:00
148.48,148.7106,147.1,148.23,4192331.0,148.7106,147.1,148.23,148.48,4192331.0,WMT,XNYS,2020-11-12 00:00:00+00:00
148.94,150.935,147.52,150.54,6603838.0,150.935,147.52,150.54,148.94,6603838.0,WMT,XNYS,2020-11-13 00:00:00+00:00
150.53,153.4,149.28,152.44,11520137.0,153.4,149.28,152.44,150.53,11520137.0,WMT,XNYS,2020-11-16 00:00:00+00:00
150.5,153.2448,149.18,149.37,14237213.0,153.2448,149.18,149.37,150.5,14237213.0,WMT,XNYS,2020-11-17 00:00:00+00:00
149.86,151.67,149.05,149.09,8312289.0,151.67,149.05,149.09,149.86,8312289.0,WMT,XNYS,2020-11-18 00:00:00+00:00
149.46,152.45,149.32,152.12,6196868.0,152.45,149.32,152.12,149.46,6196868.0,WMT,XNYS,2020-11-19 00:00:00+00:00
151.17,152.76,149.81,150.24,7320855.0,152.76,149.81,150.24,151.17,7320855.0,WMT,XNYS,2020-11-20 00:00:00+00:00
150.37,151.4,149.37,150.93,6185714.0,151.4,149.37,150.93,150.37,6185714.0,WMT,XNYS,2020-11-23 00:00:00+00:00
151.74,151.98,150.27,151.36,5707585.0,151.98,150.27,151.36,151.74,5707585.0,WMT,XNYS,2020-11-24 00:00:00+00:00
151.25,152.39,151.21,151.83,4611107.0,152.39,151.21,151.83,151.25,4611107.0,WMT,XNYS,2020-11-25 00:00:00+00:00
152.15,152.72,151.1,151.6,3666527.0,152.72,151.1,151.6,152.15,3666527.0,WMT,XNYS,2020-11-27 00:00:00+00:00
151.6,152.95,150.1,152.79,10898518.0,152.95,150.1,152.79,151.6,10898518.0,WMT,XNYS,2020-11-30 00:00:00+00:00
153.6,153.6597,151.66,152.64,7329552.0,153.6597,151.66,152.64,153.6,7329552.0,WMT,XNYS,2020-12-01 00:00:00+00:00
152.0,152.62,149.532,150.52,7849016.0,152.62,149.532,150.52,152.0,7849016.0,WMT,XNYS,2020-12-02 00:00:00+00:00
